Word,Valence,LR_switch,finger_switch,rha,word_length,letter_freq
no,-1,0,1,2,2,7.128
ha,2,1,1,0,2,7.1305
ill,-2,0,1,3,3,5.005333333
joy,3,0,2,3,3,3.211333333
lol,3,0,0,3,3,5.185666667
ass,-4,0,1,-3,3,6.940333333
axe,-1,0,2,-3,3,7.006333333
bad,-3,0,2,-3,3,4.637333333
fad,-2,0,2,-3,3,4.882666667
fag,-3,0,2,-3,3,4.136666667
ftw,3,0,1,-3,3,4.548
gag,-2,0,2,-3,3,4.065666667
sad,-2,0,2,-3,3,6.249
war,-2,0,2,-3,3,5.504666667
wtf,-4,0,1,-3,3,4.548
flu,-2,1,2,1,3,3.003666667
fun,4,1,1,1,3,3.911666667
gun,-1,1,1,1,3,3.840666667
shy,-1,1,1,1,3,4.798333333
top,2,1,2,1,3,6.164
win,4,1,2,1,3,5.358333333
won,3,1,2,1,3,5.538666667
woo,3,1,1,1,3,5.791333333
pay,-1,2,2,1,3,4.023333333
hid,-1,1,2,1,3,5.771
hug,2,1,1,1,3,3.622333333
oks,2,1,2,1,3,4.868666667
ban,-2,1,2,-1,3,5.469333333
cry,-1,1,2,-1,3,3.581
fan,3,1,2,-1,3,5.714666667
big,1,2,2,-1,3,3.491
cut,-1,2,2,-1,3,4.865333333
die,-3,2,2,-1,3,7.973666667
dud,-2,2,2,-1,3,3.754666667
fit,1,2,2,-1,3,6.083333333
fud,-3,2,2,-1,3,3.079666667
god,1,2,2,-1,3,4.591666667
rig,-1,2,2,-1,3,4.989333333
rob,-2,2,2,-1,3,4.995333333
wow,4,2,2,-1,3,4.075666667
lag,-1,1,2,-1,3,4.735666667
mad,-3,1,2,-1,3,4.942
odd,-2,1,1,-1,3,5.337666667
yes,1,1,2,-1,3,7.001
join,1,0,3,4,4,5.34375
kill,-3,0,1,4,4,3.947
loom,-1,0,1,4,4,5.36125
axed,-1,0,2,-4,4,6.318
best,3,0,3,-4,4,7.39425
care,2,0,3,-4,4,7.4095
dead,-3,0,2,-4,4,7.34375
dear,2,0,2,-4,4,7.77725
debt,-2,0,1,-4,4,6.87575
drag,-1,0,3,-4,4,5.1055
ease,2,0,3,-4,4,9.9745
fear,-2,0,3,-4,4,7.271
free,1,0,1,-4,4,8.40475
rage,-2,0,3,-4,4,7.21775
safe,1,0,3,-4,4,7.356
save,2,0,3,-4,4,7.0435
stab,-2,0,3,-4,4,6.2605
tard,-2,0,3,-4,4,6.86575
twat,-5,0,3,-4,4,7.15975
cool,1,1,1,2,4,5.45525
doom,-2,1,2,2,4,5.41825
dull,-2,1,2,2,4,3.76525
dump,-1,1,2,2,4,2.8365
flop,-2,1,2,2,4,3.92225
fool,-2,1,1,2,4,5.31675
glum,-2,1,2,2,4,2.801
ruin,-2,1,3,2,4,5.615
wooo,4,1,1,2,4,6.22025
hail,2,2,3,2,4,6.313
hell,-4,2,2,2,4,6.7115
help,2,2,3,2,4,6.1875
pain,-2,2,3,2,4,5.95275
ugly,-3,2,3,2,4,2.693
lmao,4,2,3,2,4,5.52625
luck,3,2,3,2,4,2.58425
lurk,-1,2,3,2,4,3.3855
moan,-2,2,3,2,4,6.20725
mock,-2,2,3,2,4,3.36675
myth,-1,2,2,2,4,4.8825
pity,-2,2,3,2,4,4.98125
hope,2,1,3,2,4,7.058
joke,2,1,3,2,4,5.2835
kind,2,1,2,2,4,4.685
like,2,1,2,2,4,6.11625
mope,-1,1,3,2,4,6.136
noob,-2,1,2,2,4,5.81375
numb,-1,1,1,2,4,3.35125
poor,-2,1,2,2,4,5.7325
crap,-3,1,3,-2,4,4.71625
easy,1,1,3,-2,4,7.2925
eery,-2,1,2,-2,4,8.34125
gray,-1,1,2,-2,4,4.53575
grey,-1,1,2,-2,4,5.6695
rash,-2,1,3,-2,4,6.64375
scam,-2,1,3,-2,4,4.9205
sexy,3,1,3,-2,4,5.28825
trap,-1,1,2,-2,4,6.28475
warm,1,1,3,-2,4,4.73
warn,-2,1,3,-2,4,5.81575
weak,-2,1,3,-2,4,6.00025
weep,-2,1,2,-2,4,7.42325
ache,-2,2,3,-2,4,7.43625
agog,2,2,3,-2,4,4.926
avid,2,2,3,-2,4,5.091
fair,2,2,3,-2,4,5.837
fake,-3,2,3,-2,4,5.96725
fame,1,2,3,-2,4,6.37575
rant,-3,2,3,-2,4,7.48975
rape,-4,2,3,-2,4,7.19625
TRUE,2,2,2,-2,4,7.62575
want,1,2,3,-2,4,6.583
alas,-1,2,3,-2,4,6.6715
bias,-1,2,3,-2,4,5.738
bore,-2,2,3,-2,4,6.922
cute,2,2,3,-2,4,6.8245
cuts,-1,2,3,-2,4,5.23075
died,-3,2,2,-2,4,7.0435
dire,-3,2,3,-2,4,7.477
dirt,-2,2,2,-2,4,6.5655
fire,-2,2,3,-2,4,6.97075
gift,2,2,2,-2,4,5.06625
glad,3,2,3,-2,4,4.615
glee,3,2,2,-2,4,7.861
robs,-2,2,3,-2,4,5.32825
sore,-1,2,3,-2,4,8.13075
tits,-2,2,3,-2,4,7.85125
hard,-1,1,3,-2,4,6.12525
hate,-3,1,3,-2,4,9.00475
lags,-2,1,3,-2,4,5.1335
mess,-2,1,2,-2,4,6.9405
calm,2,1,3,0,4,4.345
damn,-4,1,2,0,4,5.39375
deny,-2,1,1,0,4,6.4195
drop,-1,1,3,0,4,4.919
evil,-3,1,3,0,4,6.16775
fail,-2,1,3,0,4,5.3465
gain,2,1,3,0,4,5.97425
stop,-1,1,3,0,4,6.20475
bold,2,2,2,0,4,4.31925
bomb,-1,2,3,0,4,3.22425
chic,2,2,3,0,4,4.656
cunt,-5,2,2,0,4,5.33625
dumb,-3,2,2,0,4,2.72725
dupe,-2,2,3,0,4,5.4105
fine,2,2,3,0,4,7.16125
fond,2,2,3,0,4,5.18425
good,3,2,2,0,4,5.3205
riot,-2,2,3,0,4,7.379
shit,-4,2,3,0,4,7.11075
slut,-5,2,3,0,4,5.5415
smog,-2,2,3,0,4,4.56375
snub,-2,2,2,0,4,4.3315
tops,2,2,3,0,4,6.20475
tout,-2,2,3,0,4,7.09425
vile,-3,2,3,0,4,6.16775
wins,4,2,3,0,4,5.6005
woow,4,2,2,0,4,4.9335
harm,-2,2,3,0,4,5.6635
hero,2,2,3,0,4,8.0725
jerk,-3,2,3,0,4,4.9035
keen,1,2,2,0,4,8.23125
lack,-2,2,3,0,4,3.9365
lawl,3,2,3,0,4,4.64425
lazy,-1,2,2,0,4,3.56
leak,-1,2,3,0,4,6.4165
pray,1,2,3,0,4,4.51425
yeah,1,2,3,0,4,7.23425
hide,-1,1,2,0,4,7.50375
hoax,-2,1,3,0,4,5.4795
huge,1,1,2,0,4,5.89225
hugs,2,1,2,0,4,4.2985
hurt,-2,1,1,0,4,5.97375
kiss,2,1,1,0,4,5.098
liar,-3,1,3,0,4,6.28625
lied,-2,1,2,0,4,6.9865
loss,-3,1,1,0,4,6.0465
lost,-3,1,2,0,4,6.72875
love,3,1,2,0,4,6.303
miss,-2,1,2,0,4,5.5065
nice,3,1,2,0,4,7.29975
nuts,-3,1,2,0,4,6.2225
piss,-4,1,2,0,4,5.38725
anti,-1,3,3,0,4,7.7345
blah,-2,3,3,0,4,4.9445
cock,-5,3,3,0,4,3.46075
dick,-4,3,3,0,4,3.69325
envy,-1,3,3,0,4,5.60075
fuck,-4,3,3,0,4,2.135
rich,2,3,3,0,4,5.45725
risk,-2,3,3,0,4,5.013
rofl,4,3,3,0,4,4.93675
sick,-2,3,3,0,4,4.21175
sigh,-2,3,3,0,4,5.3505
slam,-2,3,3,0,4,5.23125
spam,-2,3,3,0,4,4.70725
suck,-3,3,3,0,4,3.15975
torn,-2,3,3,0,4,7.32475
wish,1,3,3,0,4,5.43675
worn,-1,3,3,0,4,5.65075
haha,3,3,3,0,4,7.1305
lame,-2,3,3,0,4,6.825
jolly,2,0,2,5,5,3.5368
jumpy,-1,0,2,5,5,1.844
yummy,3,0,0,5,5,2.3036
agree,1,0,2,-5,5,8.3146
asset,2,0,3,-5,5,8.5158
avert,-1,0,3,-5,5,7.378
award,3,0,4,-5,5,5.7868
brave,2,0,3,-5,5,5.8652
cares,2,0,4,-5,5,7.193
defer,-1,0,3,-5,5,7.5744
drags,-1,0,4,-5,5,5.3498
dread,-2,0,4,-5,5,7.0724
eager,2,0,4,-5,5,8.3146
farce,-1,0,3,-5,5,6.3732
grace,1,0,2,-5,5,6.3306
grave,-2,0,3,-5,5,5.9698
great,3,0,3,-5,5,7.5854
greed,-3,0,1,-5,5,7.5318
greet,1,0,2,-5,5,8.4924
saved,2,0,3,-5,5,6.4854
scare,-2,0,4,-5,5,7.193
stabs,-2,0,4,-5,5,6.2738
swear,-2,0,3,-5,5,7.1086
sweet,2,0,2,-5,5,8.6294
tears,-2,0,4,-5,5,8.4478
waste,-1,0,4,-5,5,7.7224
drunk,-2,1,3,1,5,4.1038
rainy,-1,1,3,1,5,5.9686
sappy,-1,1,3,1,5,4.0652
scoop,3,1,3,1,5,5.2104
cocky,-2,3,4,1,5,3.1634
enemy,-2,3,3,1,5,7.3066
shaky,-2,3,4,1,5,4.6668
thank,2,3,4,1,5,6.1676
block,-1,3,3,1,5,3.3156
empty,-1,3,4,1,5,5.6134
glory,2,3,3,1,5,4.3016
shock,-2,3,4,1,5,4.6964
slick,2,3,4,1,5,4.1744
allow,1,2,2,1,5,5.2168
alone,-2,2,3,1,5,7.83
blind,-1,2,4,1,5,4.697
choke,-2,2,4,1,5,5.9714
cynic,-2,2,3,1,5,4.2506
dumps,-1,2,3,1,5,3.5346
flops,-2,2,3,1,5,4.4032
fools,-2,2,2,1,5,5.5188
guilt,-3,2,4,1,5,4.964
ruins,-2,2,4,1,5,5.7574
shoot,-1,2,3,1,5,7.2982
smile,2,2,4,1,5,6.4852
solid,2,2,3,1,5,5.8156
suing,-2,2,4,1,5,4.963
timid,-2,2,4,1,5,5.9294
tumor,-2,2,3,1,5,5.5428
annoy,-2,1,3,3,5,6.2292
bully,-2,1,3,3,5,2.8548
enjoy,2,1,3,3,5,5.817
ennui,-2,1,2,3,5,7.1848
funky,2,1,3,3,5,2.8962
funny,4,1,1,3,5,4.0916
gloom,-1,1,2,3,5,4.692
silly,-1,1,3,3,5,4.6634
sulky,-2,1,4,3,5,3.1712
itchy,-2,2,3,1,5,5.3744
madly,-3,2,4,1,5,4.165
peril,-2,2,4,1,5,6.3218
pesky,-2,2,4,1,5,4.7408
prblm,-2,2,3,1,5,3.1678
naive,-2,3,4,-1,5,7.1124
laugh,1,4,4,1,5,4.6118
prick,-5,4,4,1,5,3.6872
haunt,-1,3,3,1,5,6.5648
helps,2,3,4,1,5,6.2154
idiot,-3,3,4,1,5,6.9496
panic,-3,3,4,1,5,5.3186
proud,2,3,4,1,5,4.4868
happy,3,2,3,3,5,4.0186
irony,-1,2,3,3,5,5.8366
lmfao,4,2,4,1,5,4.8666
lobby,-2,2,2,1,5,3.298
mirth,3,2,3,1,5,6.1018
nifty,2,2,3,1,5,5.3946
nosey,-2,2,4,1,5,7.0518
novel,2,2,4,1,5,6.3922
kudos,3,3,4,1,5,4.3234
livid,-2,3,4,1,5,4.6376
lurks,-1,3,4,1,5,3.9738
moans,-2,3,4,1,5,6.2312
mocks,-2,3,4,1,5,3.9588
noble,2,3,4,1,5,6.495
pique,-2,3,4,1,5,4.89
lucky,3,2,4,3,5,2.4622
moron,-3,2,4,3,5,6.0312
pushy,-1,2,3,3,5,3.8164
yucky,-2,2,3,3,5,2.052
hopes,2,1,4,1,5,6.9118
jokes,2,1,4,1,5,5.4922
liked,2,1,2,1,5,5.7436
likes,2,1,3,1,5,6.1584
loose,-3,1,2,1,5,7.6136
loyal,3,2,3,3,5,5.1396
moody,-1,2,3,3,5,4.7294
mourn,-2,2,4,3,5,5.0814
noisy,-1,2,4,3,5,5.9046
honor,2,1,4,3,5,6.7688
humor,2,1,2,3,5,4.9504
kills,-3,1,2,3,5,4.423
looms,-1,1,2,3,5,5.5544
crash,-2,1,4,-3,5,5.8714
crazy,-2,1,3,-3,5,3.7968
death,-2,1,3,-3,5,8.0544
dream,1,1,4,-3,5,6.703
fresh,1,1,3,-3,5,6.6676
reach,1,1,4,-3,5,7.1464
scary,-2,1,4,-3,5,5.0474
steal,-2,1,4,-3,5,8.0554
weary,-2,1,4,-3,5,6.238
wreck,-2,1,3,-3,5,4.9206
await,-1,2,4,-3,5,6.9432
backs,1,2,4,-3,5,3.908
eerie,-2,2,3,-3,5,10.2118
error,-2,2,3,-3,5,7.634
favor,2,2,4,-3,5,4.9734
fraud,-4,2,3,-3,5,4.6786
grand,3,2,3,-3,5,5.4342
grant,1,2,3,-3,5,6.3948
scams,-2,2,4,-3,5,5.2018
vague,-2,2,4,-3,5,5.324
warns,-2,2,4,-3,5,5.918
awful,-3,1,4,-1,5,3.9076
badly,-3,1,4,-1,5,3.9822
cramp,-1,1,4,-1,5,4.2542
sadly,-2,1,4,-1,5,4.9492
stall,-2,1,3,-1,5,6.32
abuse,-3,2,4,-3,5,6.2892
adore,3,2,4,-3,5,7.7232
bribe,-3,2,3,-3,5,5.7278
cried,-2,2,3,-3,5,6.538
cries,-2,2,4,-3,5,6.9528
fakes,-3,2,4,-3,5,6.0392
grief,-2,2,3,-3,5,5.9796
gross,-2,2,2,-3,5,5.6326
rants,-3,2,4,-3,5,7.2572
swift,2,2,2,-3,5,5.3874
tense,-2,2,4,-3,5,9.5072
trust,1,2,3,-3,5,6.6368
weird,-2,2,4,-3,5,6.4536
brisk,2,3,3,-1,5,4.3088
cruel,-3,3,4,-1,5,5.6508
crush,-1,3,4,-1,5,4.7896
delay,-1,3,3,-1,5,6.2242
drown,-2,3,4,-1,5,5.3712
expel,-2,3,4,-1,5,6.3016
faith,1,3,4,-1,5,6.5022
scorn,-2,3,4,-1,5,5.8704
stuck,-2,3,4,-1,5,4.339
abhor,-3,2,4,-1,5,5.8494
admit,-1,2,4,-1,5,6.1696
adopt,1,2,4,-1,5,6.1824
avoid,-1,2,4,-1,5,5.5742
broke,-1,2,3,-1,5,5.692
calms,2,2,4,-1,5,4.7414
crime,-3,2,4,-1,5,6.1686
fails,-2,2,4,-1,5,5.5426
gains,2,2,4,-1,5,6.0448
scold,-2,2,3,-1,5,4.9788
stops,-1,2,4,-1,5,6.2292
stout,2,2,4,-1,5,6.9408
wrong,-2,2,4,-1,5,4.9236
alert,-1,2,3,-3,5,7.9874
amaze,2,2,3,-3,5,6.3032
anger,-3,2,4,-3,5,7.124
bless,2,2,3,-3,5,6.1746
bored,-2,2,3,-3,5,6.3882
cheat,-3,2,4,-3,5,7.7602
cheer,2,2,3,-3,5,8.0534
clear,1,2,4,-3,5,6.7326
curse,-1,2,4,-3,5,6.1112
fired,-2,2,3,-3,5,6.4272
flees,-1,2,3,-3,5,7.5968
robed,-2,2,3,-3,5,6.3882
share,1,2,4,-3,5,7.8554
shrew,-4,2,4,-3,5,6.694
smart,1,2,3,-3,5,6.3886
smear,-2,2,4,-3,5,7.1178
suave,2,2,4,-3,5,6.1864
tired,-2,2,3,-3,5,7.7928
worse,-3,2,4,-3,5,6.9766
worst,-3,2,4,-3,5,6.2474
wowww,4,2,2,-3,5,3.3894
alarm,-2,3,4,-1,5,5.7504
angry,-3,3,3,-1,5,4.9784
bitch,-5,3,4,-1,5,5.278
charm,3,3,4,-1,5,5.0872
clash,-2,3,4,-1,5,5.479
clean,2,3,4,-1,5,6.885
dirty,-2,3,3,-1,5,5.6472
dizzy,-1,3,3,-1,5,2.6682
dodgy,-2,3,4,-1,5,4.0004
giddy,-2,3,3,-1,5,3.8922
rotfl,4,3,3,-1,5,5.7606
slash,-2,3,4,-1,5,6.188
sorry,-1,3,3,-1,5,5.5564
spark,1,3,4,-1,5,4.6364
worry,-3,3,3,-1,5,4.763
worth,2,3,3,-1,5,6.2008
blame,-2,4,4,-1,5,5.7584
chaos,-2,4,4,-1,5,6.1754
fight,-1,4,4,-1,5,5.2718
risks,-2,4,4,-1,5,5.2758
shame,-2,4,4,-1,5,7.1392
sucks,-3,4,4,-1,5,3.7932
wowow,4,4,4,-1,5,4.4188
alive,1,2,4,-1,5,6.5676
amuse,3,2,3,-1,5,6.472
bliss,3,2,3,-1,5,5.0274
boost,1,2,3,-1,5,6.3778
doubt,-1,2,3,-1,5,5.0132
duped,-2,2,3,-1,5,5.179
fuked,-4,2,3,-1,5,4.5426
ghost,-1,2,4,-1,5,6.1998
riots,-2,2,4,-1,5,7.1686
snubs,-2,2,3,-1,5,4.7306
solve,1,2,3,-1,5,6.3078
super,3,2,4,-1,5,5.9406
touts,-2,2,4,-1,5,6.9408
whore,-4,2,4,-1,5,6.93
hated,-3,1,3,-3,5,8.0544
hates,-3,1,4,-3,5,8.4692
irate,-3,1,4,-3,5,8.5756
leave,-1,1,4,-3,5,7.7148
peace,2,1,3,-3,5,7.6564
yeees,2,1,2,-3,5,9.2814
hardy,2,2,4,-1,5,5.295
harsh,-2,2,4,-1,5,6.5338
jewel,1,2,4,-1,5,6.3884
legal,1,2,4,-1,5,6.1868
medal,3,2,3,-1,5,6.3106
mercy,2,2,4,-1,5,5.1702
merry,3,2,3,-1,5,5.8112
nasty,-3,2,4,-1,5,6.4546
needy,-2,2,2,-1,5,7.676
harms,-2,3,4,-1,5,5.7962
havoc,-2,3,4,-1,5,5.1056
jesus,1,3,4,-1,5,5.6534
prays,1,3,4,-1,5,4.8768
hides,-1,1,3,-1,5,7.2684
hurts,-2,1,2,-1,5,6.0444
liars,-3,1,4,-1,5,6.2944
loser,-3,1,3,-1,5,7.3096
loved,3,1,2,-1,5,5.893
upset,-2,1,4,-1,5,6.5544
agreed,1,0,2,-6,6,7.637666667
agrees,1,0,3,-6,6,7.983333333
arrest,-2,0,4,-6,6,8.037666667
assets,2,0,4,-6,6,8.151
averts,-1,0,4,-6,6,7.202833333
awards,3,0,5,-6,6,5.876833333
badass,-3,0,4,-6,6,5.788833333
better,2,0,4,-6,6,8.499166667
defect,-3,0,3,-6,6,7.287166667
gagged,-2,0,3,-6,6,5.1945
greets,1,0,3,-6,6,8.1315
regret,-2,0,4,-6,6,8.074833333
retard,-2,0,5,-6,6,7.692
reward,2,0,5,-6,6,6.576
scared,-2,0,4,-6,6,6.703
severe,-2,0,5,-6,6,8.566333333
starve,-2,0,4,-6,6,7.202833333
swears,-2,0,4,-6,6,6.978333333
vested,1,0,4,-6,6,7.669666667
wasted,-2,0,4,-6,6,7.144166667
vision,1,3,5,2,6,5.9155
boldly,2,3,4,2,6,3.879333333
bloody,-3,3,3,2,6,4.459666667
annoys,-2,2,4,2,6,6.2455
prison,-2,4,5,2,6,5.910833333
lively,2,2,5,2,6,5.111666667
lovely,3,2,4,2,6,5.201833333
attack,-1,1,4,-4,6,6.333333333
beaten,-2,1,5,-4,6,8.478
betray,-3,1,4,-4,6,6.563
dreary,-2,1,5,-4,6,6.511666667
greedy,-2,1,2,-4,6,6.6055
sadden,-2,1,3,-4,6,7.075166667
safety,1,1,5,-4,6,6.742333333
scream,-2,1,5,-4,6,6.395166667
accept,1,2,3,-4,6,6.236333333
afraid,-2,2,4,-4,6,5.961333333
ardent,1,2,4,-4,6,7.819
battle,-1,2,4,-4,6,7.416333333
deceit,-3,2,2,-4,6,8.076833333
dreams,1,2,5,-4,6,6.640333333
escape,-1,2,5,-4,6,7.434833333
extend,1,2,5,-4,6,7.602
faggot,-3,2,4,-4,6,5.164666667
feeble,-2,2,4,-4,6,7.641833333
fervid,2,2,4,-4,6,5.519
rescue,2,2,5,-4,6,7.209666667
serene,2,2,5,-4,6,9.528166667
stable,2,2,5,-4,6,6.9615
steals,-2,2,5,-4,6,7.767333333
terror,-3,2,4,-4,6,7.871
tragic,-2,2,4,-4,6,5.828833333
dearly,3,1,4,-2,6,6.184666667
derail,-2,1,4,-2,6,7.016666667
detain,-2,1,4,-2,6,7.982166667
safely,1,1,5,-2,6,5.903833333
accuse,-2,2,4,-4,6,5.919666667
active,1,2,5,-4,6,6.775166667
awaits,-1,2,5,-4,6,6.8405
backed,1,2,4,-4,6,5.028
deride,-2,2,3,-4,6,7.8105
desire,1,2,4,-4,6,8.156166667
errors,-2,2,4,-4,6,7.416166667
excite,3,2,5,-4,6,7.393
excuse,-1,2,5,-4,6,6.236833333
favors,2,2,5,-4,6,5.199
frauds,-4,2,4,-4,6,4.953333333
grants,1,2,4,-4,6,6.3835
racist,-3,2,5,-4,6,6.5475
refuse,-2,2,5,-4,6,7.117333333
revive,2,2,5,-4,6,6.718833333
secure,2,2,4,-4,6,7.209666667
warned,-2,2,4,-4,6,6.703
frenzy,-3,3,4,-2,6,4.952333333
racism,-3,3,5,-2,6,5.439166667
resign,-1,3,5,-2,6,6.791
struck,-1,3,4,-2,6,4.613666667
warmth,2,3,5,-2,6,5.678333333
wealth,3,3,5,-2,6,7.067333333
acquit,2,2,5,-2,6,4.970666667
daring,2,2,5,-2,6,5.6895
exempt,-1,2,5,-2,6,6.490833333
strike,-1,2,3,-2,6,6.968333333
strong,2,2,4,-2,6,6.2735
trauma,-3,2,3,-2,6,6.090166667
vexing,-2,2,5,-2,6,4.926666667
zealot,-2,2,4,-2,6,6.921833333
aboard,1,2,5,-4,6,5.928833333
abused,-3,2,4,-4,6,5.949833333
abuses,-3,2,5,-4,6,6.2955
adored,3,2,4,-4,6,7.144833333
adores,3,2,5,-4,6,7.4905
aghast,-2,2,5,-4,6,6.637666667
cancer,-1,2,4,-4,6,6.528166667
damage,-3,2,5,-4,6,6.285
danger,-2,2,5,-4,6,6.6455
deject,-2,2,3,-4,6,6.941333333
ranter,-3,2,5,-4,6,8.108
reject,-1,2,4,-4,6,7.230333333
tender,2,2,4,-4,6,8.574833333
cancel,-1,3,4,-2,6,6.201166667
growth,2,3,4,-2,6,5.503166667
ashame,-2,4,5,-2,6,7.3105
bright,1,4,4,-2,6,5.268333333
censor,-2,4,4,-2,6,7.009
crisis,-3,4,5,-2,6,5.8925
critic,-2,4,5,-2,6,5.7565
demand,-1,4,4,-2,6,6.421666667
drowns,-2,4,5,-2,6,5.5305
expand,1,4,5,-2,6,5.658333333
expels,-2,4,5,-2,6,6.305833333
fright,-2,4,4,-2,6,5.391
abhors,-3,2,5,-2,6,5.929
admire,3,2,5,-2,6,6.746833333
admits,-1,2,5,-2,6,6.195833333
adopts,1,2,5,-2,6,6.2065
avoids,-1,2,5,-2,6,5.699666667
banned,-2,2,3,-2,6,6.685333333
calmed,2,2,4,-2,6,5.7225
damned,-4,2,3,-2,6,6.421666667
denied,-2,2,3,-2,6,7.9375
denier,-2,2,4,-2,6,8.2265
denies,-2,2,4,-2,6,8.283166667
expose,-1,2,5,-2,6,6.886166667
failed,-2,2,4,-2,6,6.390166667
gained,2,2,4,-2,6,6.808666667
rapist,-4,2,5,-2,6,6.405333333
wanker,-3,2,5,-2,6,6.122833333
amazed,2,2,3,-4,6,5.9615
amazes,2,2,4,-4,6,6.307166667
angers,-3,2,5,-4,6,6.991166667
biased,-2,2,4,-4,6,6.651166667
bitter,-2,2,4,-4,6,7.543166667
cheats,-3,2,5,-4,6,7.521333333
cheers,2,2,4,-4,6,7.765666667
clears,1,2,5,-4,6,6.665
clever,2,2,5,-4,6,6.529333333
coward,-2,2,5,-4,6,5.176
elated,3,2,4,-4,6,8.484166667
engage,1,2,5,-4,6,7.391666667
enrage,-2,2,5,-4,6,8.053666667
forced,-1,2,3,-4,6,5.909833333
forget,-1,2,4,-4,6,6.5825
rigged,-1,2,3,-4,6,5.656333333
robber,-2,2,4,-4,6,5.861166667
shared,1,2,4,-4,6,7.255
shares,1,2,5,-4,6,7.600666667
suffer,-2,2,4,-4,6,5.371666667
threat,-2,2,5,-4,6,8.510333333
thwart,-2,2,4,-4,6,6.786666667
burden,-2,3,4,-2,6,5.656833333
cheery,3,3,4,-2,6,7.040166667
classy,3,3,4,-2,6,4.933666667
fiasco,-3,3,5,-2,6,5.662833333
worsen,-3,3,5,-2,6,6.938666667
sorrow,-2,4,4,-2,6,5.945833333
blamed,-2,4,4,-2,6,5.5075
blames,-2,4,5,-2,6,5.853166667
bother,-2,4,5,-2,6,7.139666667
chance,2,4,4,-2,6,6.546
corpse,-1,4,5,-2,6,6.205666667
ensure,1,4,5,-2,6,7.870833333
envies,-1,4,5,-2,6,7.737333333
fucked,-4,4,4,-2,6,4.249166667
fucker,-4,4,5,-2,6,4.538166667
robust,2,4,5,-2,6,5.521166667
shamed,-2,4,4,-2,6,6.658166667
wicked,-2,4,4,-2,6,4.9725
wishes,1,4,5,-2,6,6.796
amused,3,2,3,-2,6,6.102166667
boosts,1,2,4,-2,6,6.369333333
combat,-1,2,5,-2,6,5.235
doubts,-1,2,4,-2,6,5.232166667
solved,1,2,3,-2,6,5.965333333
solves,1,2,4,-2,6,6.311
somber,-2,2,5,-2,6,6.070166667
superb,5,2,4,-2,6,5.199166667
touted,-2,2,4,-2,6,7.555333333
haters,-3,1,5,-4,6,8.0555
lagged,-2,1,3,-4,6,5.5295
matter,1,1,4,-4,6,7.895666667
messed,-2,1,3,-4,6,7.452833333
nerves,-1,1,4,-4,6,7.574166667
heaven,2,2,5,-2,6,7.898666667
marvel,3,2,4,-2,6,5.710833333
pretty,1,2,4,-2,6,6.784
jewels,1,3,5,-2,6,6.378166667
offend,-2,3,4,-2,6,5.9445
urgent,-1,3,4,-2,6,6.5445
hacked,-1,3,4,-2,6,5.795
harmed,-2,3,4,-2,6,6.6015
heroes,2,3,5,-2,6,8.553166667
leaked,-1,3,4,-2,6,7.1035
mature,2,3,5,-2,6,6.846
praise,3,3,5,-2,6,7.013
menace,-2,3,4,-2,6,7.584666667
intact,2,1,5,-2,6,7.129333333
lowest,-1,1,4,-2,6,6.996166667
missed,-2,1,3,-2,6,6.496833333
murder,-2,1,3,-2,6,5.682166667
niggas,-5,1,4,-2,6,5.373166667
nigger,-5,1,4,-2,6,6.072333333
pissed,-4,1,3,-2,6,6.417333333
please,1,1,5,-2,6,7.642
upsets,-2,1,5,-2,6,6.5165
frisky,2,3,4,0,6,4.042333333
banish,-1,3,5,0,6,5.965833333
broken,-1,3,4,0,6,5.868166667
fallen,-2,3,4,0,6,6.316
genial,3,3,5,0,6,6.770666667
stingy,-2,3,5,0,6,5.5145
stolen,-2,3,4,0,6,7.727666667
aching,-2,2,5,0,6,5.462166667
crying,-2,2,5,0,6,4.412166667
damnit,-4,2,4,0,6,6.266166667
faking,-3,2,4,0,6,4.482833333
stupid,-2,2,5,0,6,5.214833333
apathy,-3,3,4,0,6,5.897833333
costly,-2,3,5,0,6,5.2785
sneaky,-1,3,5,0,6,6.115166667
victim,-3,3,5,0,6,4.859
woeful,-3,3,5,0,6,5.263333333
worthy,2,3,3,0,6,5.496333333
boring,-3,4,5,0,6,5.119333333
firing,-2,4,5,0,6,5.151833333
futile,2,4,5,0,6,6.289166667
robing,-2,4,5,0,6,5.119333333
thanks,2,4,5,0,6,6.194166667
blurry,-2,3,4,0,6,3.703833333
comedy,1,3,4,0,6,5.270666667
shitty,-3,3,4,0,6,6.578833333
blithe,2,4,5,0,6,6.7225
blocks,-1,4,4,0,6,3.8175
douche,-3,4,5,0,6,6.016
shocks,-2,4,5,0,6,4.968166667
soothe,3,4,4,0,6,8.198833333
spirit,1,4,5,0,6,6.205166667
bummer,-2,2,3,0,6,4.625166667
choked,-2,2,4,0,6,5.685
chokes,-2,2,5,0,6,6.030666667
doomed,-2,2,3,0,6,6.438
dumped,-2,2,3,0,6,4.716833333
ruined,-2,2,4,0,6,6.569166667
smiled,2,2,4,0,6,6.113166667
smiles,2,2,5,0,6,6.458833333
winner,4,2,4,0,6,6.918833333
pardon,2,2,5,0,6,5.765333333
useful,2,2,5,0,6,5.133
parley,-1,4,5,0,6,5.797333333
hating,-3,3,5,0,6,6.507833333
heroic,3,3,5,0,6,7.006333333
prblms,-2,3,4,0,6,3.694333333
hailed,2,3,4,0,6,7.0345
haunts,-1,3,4,0,6,6.525166667
ignore,-1,3,5,0,6,6.987666667
jailed,-2,3,4,0,6,6.044333333
pained,-2,3,4,0,6,6.794333333
panics,-3,3,5,0,6,5.486666667
hurrah,5,2,3,0,6,5.847833333
misery,-2,2,5,0,6,6.060333333
outcry,-2,2,5,0,6,5.010666667
uneasy,-2,2,4,0,6,6.446166667
insane,-2,3,5,0,6,7.943333333
loathe,-3,3,4,0,6,7.925166667
unfair,-2,3,4,0,6,5.475833333
invite,1,3,5,0,6,7.236166667
moaned,-2,3,4,0,6,6.964
mocked,-2,3,4,0,6,5.070333333
piqued,-2,3,4,0,6,4.783833333
pitied,-1,3,4,0,6,6.978666667
unsure,-1,3,4,0,6,6.2135
honest,2,1,5,0,6,8.0725
hunger,-2,1,3,0,6,6.050833333
kinder,2,1,3,0,6,6.238166667
looses,-3,1,3,0,6,7.399166667
poised,-2,1,4,0,6,6.614
poorer,-2,1,4,0,6,6.9365
united,1,1,3,0,6,7.080666667
dismal,-2,5,5,0,6,5.357333333
hahaha,3,5,5,0,6,7.1305
laughs,1,5,5,0,6,4.897666667
droopy,-2,1,4,2,6,4.8595
felony,-3,1,3,2,6,5.864166667
frikin,-2,1,2,2,6,4.944666667
sinful,-3,3,5,2,6,4.842166667
solemn,-1,3,3,2,6,6.619333333
thorny,-2,3,4,2,6,6.227833333
winwin,3,3,5,2,6,5.358333333
guilty,-3,3,5,2,6,4.465666667
sullen,-2,3,4,2,6,6.097666667
commit,1,2,4,2,6,5.187166667
enjoys,2,2,4,2,6,5.902
fuking,-4,2,4,2,6,3.581333333
fuming,-2,2,4,2,6,3.853666667
gloomy,-2,1,2,4,6,4.239
woohoo,3,1,3,4,6,6.413666667
jaunty,2,4,4,2,6,4.8095
ironic,-1,3,5,2,6,6.1595
jovial,2,4,5,2,6,4.632666667
hiding,-1,3,5,2,6,5.507166667
insult,-2,3,5,2,6,5.980166667
losing,-3,3,4,2,6,5.598166667
loving,2,3,4,2,6,4.706666667
mourns,-2,3,5,2,6,5.289
phobic,-2,3,5,2,6,4.461666667
joyful,3,2,5,4,6,3.1075
lonely,-2,2,4,4,6,6.163666667
pileup,-1,2,5,4,6,5.0515
poison,-2,2,5,4,6,6.164166667
impose,-1,1,5,2,6,6.306166667
killed,-3,1,2,2,6,5.457166667
limits,-1,1,5,2,6,5.957666667
loomed,-1,1,2,2,6,6.4
unjust,-2,1,2,2,6,4.6335
injury,-2,2,3,4,6,4.097833333
punish,-2,2,4,4,6,5.137166667
honour,2,1,5,4,6,6.100333333
hoping,2,1,5,4,6,5.21
humour,2,1,3,4,6,4.585
immune,1,1,2,4,6,5.6645
joyous,3,1,5,4,6,4.371
moping,-1,1,5,4,6,4.595333333
arrests,-2,0,5,-7,7,7.793285714
attract,1,0,4,-7,7,7.467285714
averted,-1,0,4,-7,7,7.692142857
awarded,3,0,4,-7,7,6.555571429
bastard,-5,0,6,-7,7,6.207
bereave,-2,0,6,-7,7,7.818571429
defects,-3,0,4,-7,7,7.15
degrade,-2,0,3,-7,7,7.154142857
dragged,-1,0,4,-7,7,5.627428571
dreaded,-2,0,4,-7,7,7.473857143
greater,3,0,5,-7,7,8.088
greeted,1,0,3,-7,7,8.488142857
regrets,-2,0,5,-7,7,7.825142857
retreat,-1,0,5,-7,7,9.093857143
revered,2,0,5,-7,7,7.901571429
rewards,2,0,6,-7,7,6.540428571
screwed,-2,0,5,-7,7,6.730428571
stabbed,-2,0,4,-7,7,6.212714286
starved,-2,0,4,-7,7,6.781428571
starves,-2,0,5,-7,7,7.077714286
warfare,-2,0,5,-7,7,6.514
tension,-1,3,6,1,7,8.008
ability,2,3,6,1,7,5.520857143
bailout,-2,2,5,1,7,5.710142857
calming,2,2,6,1,7,4.73
anguish,-3,5,6,1,7,5.582285714
roflmao,4,5,6,1,7,5.403857143
anxious,-2,4,6,1,7,5.517714286
blaming,-2,4,6,1,7,4.545714286
cynical,-2,3,5,1,7,4.777857143
applaud,2,4,5,1,7,4.461142857
buoyant,2,4,6,1,7,5.386142857
commend,2,4,5,1,7,5.543571429
violent,-3,4,5,1,7,6.854714286
annoyed,-2,2,4,1,7,6.871571429
bullied,-2,2,4,1,7,5.174428571
apology,-1,3,4,3,7,4.732
legally,1,2,5,1,7,5.276142857
tragedy,-2,1,4,-5,7,6.307714286
attacks,-1,2,5,-5,7,6.332428571
betrays,-3,2,5,-5,7,6.529285714
fervent,2,2,5,-5,7,7.200285714
screams,-2,2,6,-5,7,6.385428571
bargain,2,1,5,-3,7,5.649
careful,2,1,6,-3,7,5.521285714
certain,1,1,4,-3,7,7.487
destroy,-3,1,4,-3,7,6.829428571
fearful,-2,1,5,-3,7,5.442142857
freedom,2,1,3,-3,7,6.826428571
rageful,-2,1,6,-3,7,5.411714286
restful,2,1,5,-3,7,6.154714286
treason,-3,1,5,-3,7,8.070714286
accepts,1,2,4,-5,7,6.249285714
barrier,-2,2,5,-5,7,6.755428571
battles,-1,2,5,-5,7,7.260714286
crazier,-2,2,5,-5,7,6.095
deceive,-3,2,3,-5,7,7.583571429
escapes,-1,2,6,-5,7,7.276571429
extends,1,2,6,-5,7,7.419857143
faggots,-3,2,5,-5,7,5.330714286
fascist,-2,2,6,-5,7,5.979
festive,2,2,6,-5,7,7.279857143
reached,1,2,5,-5,7,7.526714286
reaches,1,2,6,-5,7,7.823
rescued,2,2,5,-5,7,6.787285714
rescues,2,2,6,-5,7,7.083571429
restore,1,2,6,-5,7,8.609714286
revenge,-2,2,6,-5,7,7.690714286
strange,-1,2,5,-5,7,7.286142857
verdict,-1,2,6,-5,7,6.103428571
awesome,4,2,6,-3,7,7.453
beating,-1,2,6,-3,7,6.735285714
derails,-2,2,5,-3,7,6.918142857
fearing,-2,2,6,-3,7,6.402
wasting,-2,2,6,-3,7,5.948571429
accused,-2,2,4,-5,7,5.681571429
accuses,-2,2,5,-5,7,5.977857143
awaited,-1,2,5,-5,7,7.381571429
darkest,-2,2,6,-5,7,6.752
derided,-2,2,3,-5,7,7.302285714
derides,-2,2,4,-5,7,7.598571429
desired,2,2,4,-5,7,7.598571429
devoted,3,2,4,-5,7,7.350142857
earnest,2,2,6,-5,7,8.812857143
excited,3,2,5,-5,7,6.944428571
favored,2,2,5,-5,7,5.974571429
granted,1,2,4,-5,7,6.989857143
racists,-3,2,6,-5,7,6.516
refused,-2,2,5,-5,7,6.708142857
revives,2,2,6,-5,7,6.662857143
secured,2,2,4,-5,7,6.787285714
secures,2,2,5,-5,7,7.083571429
seduced,-1,2,3,-5,7,6.539571429
scandal,-3,3,6,-3,7,5.781428571
defiant,-1,4,5,-3,7,7.160142857
deficit,-2,4,5,-3,7,6.421857143
despair,-3,4,5,-3,7,6.618714286
fatigue,-2,4,6,-3,7,6.270285714
frantic,-1,4,5,-3,7,5.990714286
resigns,-1,4,6,-3,7,6.724714286
abandon,-2,3,6,-1,7,6.154857143
wealthy,2,3,5,-1,7,6.339714286
absolve,2,2,5,-3,7,5.885428571
acquits,2,2,6,-3,7,5.164428571
drained,-2,2,5,-3,7,7.011
exclude,-1,2,5,-3,7,5.624571429
resolve,2,2,5,-3,7,7.175428571
stalled,-2,2,4,-3,7,6.936428571
strikes,-1,2,4,-3,7,6.876714286
trapped,-2,2,3,-3,7,6.289
zealots,-2,2,5,-3,7,6.836857143
asshole,-4,2,4,-1,7,7.307
astound,3,2,5,-1,7,6.402428571
backing,2,2,5,-1,7,4.134714286
feeling,1,2,5,-1,7,6.769571429
stamina,2,2,6,-1,7,6.834
warning,-3,2,6,-1,7,5.570428571
weeping,-2,2,5,-1,7,6.489
zealous,2,2,5,-1,7,5.937142857
awkward,-2,2,6,-5,7,4.580857143
damages,-3,2,6,-5,7,6.291
dejects,-2,2,4,-5,7,6.853571429
grieved,-2,2,4,-5,7,6.514714286
ranters,-3,2,6,-5,7,7.853571429
rejects,-1,2,5,-5,7,7.101285714
relaxed,2,2,5,-5,7,6.855142857
trusted,2,2,4,-5,7,7.162714286
benefit,2,4,6,-3,7,7.413571429
cancels,-1,4,5,-3,7,6.219142857
capable,1,4,6,-3,7,5.609142857
swiftly,2,3,4,-1,7,4.705142857
abusive,-3,4,6,-3,7,5.627142857
ashamed,-2,4,5,-3,7,6.873714286
censors,-2,4,5,-3,7,6.911571429
critics,-2,4,6,-3,7,5.838
crushed,-2,4,5,-3,7,5.843285714
crushes,-1,4,6,-3,7,6.139571429
delayed,-1,4,4,-3,7,6.868
demands,-1,4,5,-3,7,6.408142857
drowned,-2,4,5,-3,7,6.258714286
expands,1,4,6,-3,7,5.753857143
rapture,2,4,6,-3,7,6.655142857
stifled,-1,4,5,-3,7,6.508142857
tricked,-2,4,4,-3,7,6.074
cruelty,-3,5,6,-1,7,5.612
falsify,-3,5,6,-1,7,4.559285714
selfish,-3,5,6,-1,7,6.381285714
growing,1,4,5,-1,7,4.799857143
welcome,2,4,6,-1,7,6.354857143
admired,3,2,5,-3,7,6.390571429
admires,3,2,6,-3,7,6.686857143
avoided,-1,2,4,-3,7,6.403714286
beloved,3,2,4,-3,7,6.237
deniers,-2,2,5,-3,7,7.955142857
exposed,-1,2,5,-3,7,6.51
exposes,-1,2,6,-3,7,6.806285714
relieve,1,2,6,-3,7,8.008857143
remorse,-2,2,6,-3,7,7.659714286
scumbag,-4,2,5,-3,7,3.706714286
wronged,-2,2,5,-3,7,5.939
ethical,2,3,6,-1,7,7.113142857
delight,3,4,5,-1,7,6.444428571
gallant,3,4,5,-1,7,6.029142857
reliant,2,4,6,-1,7,7.664571429
salient,1,4,6,-1,7,7.713142857
swindle,-3,4,5,-1,7,6.197428571
trouble,-2,4,5,-1,7,6.218142857
agonise,-3,2,6,-1,7,7.204714286
agonize,-3,2,6,-1,7,6.311428571
failure,-2,2,6,-1,7,6.119
rejoice,4,2,5,-1,7,6.971285714
repulse,-1,2,6,-1,7,6.632857143
stopped,-1,2,4,-1,7,6.243285714
stunned,-2,2,3,-1,7,6.942
bizarre,-2,2,4,-5,7,5.910714286
blesses,2,2,5,-5,7,7.128857143
charged,-3,2,4,-5,7,6
charges,-2,2,5,-5,7,6.296285714
cheated,-3,2,5,-5,7,7.965142857
cheater,-3,2,6,-5,7,8.212857143
cheered,2,2,4,-5,7,8.174571429
cleared,1,2,5,-5,7,7.231142857
coerced,-2,2,4,-5,7,6.959285714
discard,-1,2,6,-5,7,5.533571429
embrace,1,2,4,-5,7,6.605428571
engages,1,2,6,-5,7,7.239571429
enraged,-2,2,5,-5,7,7.510714286
enrages,-2,2,6,-5,7,7.807
smarter,2,2,5,-5,7,7.233142857
success,2,2,3,-5,7,5.715
suffers,-2,2,5,-5,7,5.508142857
threats,-2,2,6,-5,7,8.198428571
thwarts,-2,2,5,-5,7,6.721
fidgety,-2,3,6,-3,7,5.599142857
slavery,-3,3,6,-3,7,5.737142857
burdens,-2,4,5,-3,7,5.752571429
elegant,2,4,6,-3,7,7.916571429
godsend,4,4,6,-3,7,6.258
vibrant,3,4,5,-3,7,5.627857143
worsens,-3,4,6,-3,7,6.851285714
chagrin,-2,3,5,-1,7,5.537142857
clearly,1,3,6,-1,7,5.666
direful,-3,3,6,-1,7,5.559857143
disdain,-2,3,6,-1,7,6.240142857
gleeful,3,3,5,-1,7,5.779285714
goddamn,-3,3,4,-1,7,5.05
alarmed,-2,4,5,-3,7,6.529571429
bitches,-5,4,6,-3,7,6.488428571
cleaner,2,4,6,-3,7,7.587714286
dirtier,-2,4,5,-3,7,7.416714286
discord,-2,4,6,-3,7,5.439285714
disgust,-3,4,6,-3,7,5.386
distort,-2,4,5,-3,7,7.021714286
disturb,-2,4,5,-3,7,5.262714286
forgive,1,4,5,-3,7,5.483285714
slashed,-2,4,5,-3,7,6.842142857
slashes,-2,4,6,-3,7,7.138428571
torture,-4,4,5,-3,7,7.579
worried,-3,4,4,-3,7,6.537428571
cherish,2,5,6,-1,7,6.707428571
clarity,2,5,6,-1,7,5.565285714
amazing,4,4,5,-1,7,4.934857143
apeshit,-3,4,6,-1,7,7.320142857
cutting,-1,4,5,-1,7,5.626
dodging,-2,4,6,-1,7,4.822571429
sparkle,3,4,6,-1,7,5.701285714
victims,-3,4,6,-1,7,5.068714286
bothers,-2,4,6,-3,7,7.023571429
chances,2,4,5,-3,7,6.514714286
endorse,2,4,6,-3,7,8.032428571
enslave,-2,4,6,-3,7,7.378571429
fitness,1,4,5,-3,7,7.193571429
focused,2,4,5,-3,7,5.508142857
fuckers,-4,4,6,-3,7,4.793714286
suspect,-1,4,5,-3,7,5.983
widowed,-1,4,5,-3,7,5.771571429
anxiety,-2,5,6,-1,7,6.537714286
enthral,3,5,6,-1,7,7.54
chaotic,-2,6,6,-1,7,6.193428571
skeptic,-2,6,6,-1,7,5.790571429
suspend,-1,6,6,-1,7,5.863571429
dispute,-2,4,6,-1,7,6.284428571
enemies,-2,4,6,-1,7,8.650571429
spammer,-3,4,5,-1,7,5.703428571
appease,2,2,5,-3,7,7.417571429
boosted,1,2,4,-3,7,6.977714286
combats,-1,2,6,-3,7,5.391
courage,2,2,6,-3,7,5.988285714
doubted,-1,2,4,-3,7,6.003
dumbass,-3,2,4,-3,7,4.532857143
sincere,2,2,5,-3,7,7.745
snubbed,-2,2,3,-3,7,5.110428571
funeral,-1,3,5,-1,7,6.088
consent,2,4,6,-1,7,7.410285714
contend,-1,4,6,-1,7,7.114
condemn,-2,3,4,1,7,6.164
blocked,-1,4,4,-1,7,4.790428571
boycott,-2,4,5,-1,7,5.624857143
comfort,2,4,5,-1,7,5.353285714
confuse,-2,4,6,-1,7,5.864714286
romance,2,4,5,-1,7,6.614285714
shocked,-2,4,5,-1,7,5.776714286
slicker,2,4,6,-1,7,5.651571429
soothed,3,4,4,-1,7,7.635142857
suicide,-2,4,5,-1,7,6.107714286
clouded,-1,2,3,-1,7,5.468571429
violate,-2,2,5,-1,7,7.057285714
matters,1,1,5,-5,7,7.671571429
perfect,3,1,4,-5,7,6.769428571
marvels,3,3,5,-3,7,5.798857143
obscene,-2,3,5,-3,7,7.180142857
paradox,-1,3,6,-3,7,5.165714286
pretend,-1,3,6,-3,7,7.625428571
prevent,-1,3,6,-3,7,7.157571429
hardier,2,3,6,-3,7,7.165142857
harried,-2,3,4,-3,7,7.165142857
harsher,-2,3,6,-3,7,7.336857143
offends,-2,3,5,-3,7,5.999142857
passive,-1,3,5,-3,7,6.199428571
lagging,-2,3,5,-1,7,4.564571429
lawsuit,-2,3,5,-1,7,5.665571429
nervous,-2,3,5,-1,7,6.144
pardons,2,3,6,-1,7,5.845571429
jackass,-4,3,5,-3,7,4.670714286
madness,-3,3,5,-3,7,6.704428571
neglect,-2,3,5,-3,7,7.147285714
praised,3,3,5,-3,7,6.618714286
praises,3,3,6,-3,7,6.915
useless,-2,3,5,-3,7,7.309714286
natural,1,4,6,-1,7,6.415571429
menaced,-2,3,4,-3,7,7.108714286
protect,1,3,5,-3,7,7.002714286
protest,-2,3,6,-3,7,7.509142857
laughed,1,5,5,-1,7,5.716285714
pensive,-1,5,6,-1,7,6.907571429
hapless,-2,3,5,-1,7,6.510142857
haunted,-2,3,4,-1,7,7.111285714
ignored,-2,3,5,-1,7,6.597
ignores,-1,3,6,-1,7,6.893285714
misread,-1,1,6,-3,7,6.686857143
murders,-2,1,4,-3,7,5.774285714
outrage,-3,1,5,-3,7,6.884571429
pleased,3,1,5,-3,7,7.157857143
unaware,-2,1,5,-3,7,6.698571429
poverty,-1,2,5,-1,7,5.733285714
lovable,3,3,5,-1,7,5.556571429
miracle,4,3,6,-1,7,6.147857143
mistake,-2,3,6,-1,7,6.628
intense,1,3,6,-1,7,8.750142857
justice,2,3,4,-1,7,5.820571429
loathed,-3,3,4,-1,7,7.400571429
loathes,-3,3,5,-1,7,7.696857143
puzzled,-2,3,4,-1,7,3.687857143
unclear,-1,3,5,-1,7,6.167142857
impress,3,1,5,-1,7,6.092
poorest,-2,1,5,-1,7,7.287857143
denying,-2,2,4,1,7,5.915428571
exploit,-2,2,5,1,7,6.047857143
failing,-2,2,6,1,7,5.302285714
falling,-1,2,5,1,7,4.882142857
gaining,2,2,6,1,7,5.661
walkout,-2,2,6,1,7,4.949285714
triumph,4,1,4,3,7,5.028
elation,3,3,6,1,7,7.881714286
rotflol,4,3,3,1,7,5.762142857
vitamin,1,3,6,1,7,5.898285714
curious,1,4,6,1,7,5.012142857
diamond,1,4,6,1,7,5.757285714
dislike,-2,4,5,1,7,6.001571429
dubious,-2,4,6,1,7,4.580142857
envious,-2,4,6,1,7,6.283857143
envying,-1,4,6,1,7,5.447571429
fucking,-4,4,5,1,7,3.467142857
furious,-3,4,6,1,7,4.933
quaking,-2,4,5,1,7,3.931714286
vicious,-2,4,6,1,7,4.897714286
visions,1,4,6,1,7,5.974285714
wishing,1,4,6,1,7,5.353857143
dilemma,-1,4,5,1,7,5.846428571
dipshit,-3,4,6,1,7,5.941571429
solving,1,4,5,1,7,4.938142857
touting,-2,4,6,1,7,6.301
fulfill,2,3,5,3,7,3.750714286
collide,-1,2,3,1,7,6.037142857
commits,1,2,5,1,7,5.35
funnier,4,2,4,1,7,6.305571429
support,2,2,4,1,7,5.070428571
foolish,-2,3,4,3,7,5.807714286
choking,-2,2,5,3,7,4.697857143
ruining,-2,2,6,3,7,5.455714286
smiling,2,2,6,3,7,5.064857143
sulking,-2,2,5,3,7,4.230285714
winning,4,2,5,3,7,5.507714286
harmful,-2,4,6,1,7,4.523571429
healthy,2,4,5,1,7,6.873142857
perjury,-3,4,5,1,7,4.498571429
harming,-2,3,6,1,7,5.483428571
jealous,-2,3,5,1,7,5.948428571
offline,-1,3,5,1,7,6.057857143
praying,1,3,6,1,7,4.826714286
hahahah,3,6,6,1,7,6.982428571
penalty,-2,6,6,1,7,6.371714286
problem,-2,6,6,1,7,5.149714286
provoke,-1,5,6,1,7,5.340285714
idiotic,-3,5,6,1,7,6.356571429
lenient,1,5,6,1,7,8.421285714
helpful,2,4,6,3,7,4.823
proudly,2,4,6,3,7,4.061857143
promise,1,3,6,1,7,6.260571429
promote,1,3,6,1,7,6.727714286
helping,2,3,6,3,7,5.782857143
unequal,-1,4,5,1,7,5.322
hostile,-2,3,6,1,7,7.525285714
hurting,-2,3,4,1,7,5.660714286
missing,-2,3,5,1,7,5.393714286
pissing,-3,3,5,1,7,5.325571429
piteous,-2,3,6,1,7,6.749285714
uptight,-2,5,6,1,7,5.410571429
playful,2,4,6,3,7,3.586571429
inspire,2,3,6,1,7,6.803714286
insults,-2,3,6,1,7,6.029714286
jocular,2,3,6,1,7,4.482714286
insipid,-2,3,6,3,7,5.736571429
lurking,-1,3,5,3,7,4.181714286
moaning,-2,3,6,3,7,5.794142857
mocking,-2,3,5,3,7,4.171
luckily,3,2,5,5,7,3.328857143
illegal,-3,2,5,1,7,5.989285714
lunatic,-3,3,5,1,7,5.786142857
hopeful,2,2,6,3,7,5.320428571
improve,2,3,6,1,7,5.496428571
mourned,-2,3,5,1,7,6.051714286
unified,1,3,4,1,7,6.088857143
loyalty,3,4,5,3,7,5.246857143
longing,-1,3,5,3,7,5.146571429
poisons,-2,3,6,3,7,6.187428571
unhappy,-2,2,3,5,7,4.228571429
honored,2,1,5,1,7,7.257
illness,-2,1,4,1,7,6.731571429
imposed,-1,1,5,1,7,6.012857143
imposes,-1,1,6,1,7,6.309142857
injured,-2,1,3,1,7,5.652571429
joyless,-2,1,5,1,7,5.573571429
limited,-1,1,5,1,7,6.624857143
unloved,-2,1,3,1,7,5.567428571
inhibit,-1,3,5,3,7,6.327
pollute,-2,1,4,3,7,6.000285714
popular,3,1,6,3,7,4.614571429
mumpish,-2,2,4,5,7,4.126571429
killing,-3,1,4,5,7,4.502571429
looming,-1,1,4,5,7,5.310714286
ominous,3,1,6,5,7,5.745714286
affected,-1,0,4,-8,8,6.76475
arrested,-3,0,5,-8,8,8.147625
attracts,1,0,5,-8,8,7.32475
bastards,-5,0,7,-8,8,6.222
bereaved,-2,0,6,-8,8,7.372875
bereaves,-2,0,7,-8,8,7.632125
carefree,1,0,5,-8,8,7.907125
defeated,-2,0,5,-8,8,8.257875
degraded,-2,0,3,-8,8,6.7915
degrades,-2,0,4,-8,8,7.05075
greatest,3,0,6,-8,8,8.2515
retarded,-2,0,5,-8,8,7.888375
rewarded,2,0,5,-8,8,7.051375
stressed,-2,0,4,-8,8,7.960125
stupidly,-2,3,7,2,8,4.661
thankful,2,5,7,2,8,4.981125
spamming,-2,4,6,2,8,4.620625
inaction,-2,2,7,2,8,6.86775
mirthful,3,4,6,2,8,4.94
travesty,-2,1,6,-6,8,6.780875
ecstatic,4,2,6,-6,8,7.22975
stressor,-2,2,5,-6,8,7.5275
dreadful,-3,1,7,-4,8,5.546625
grateful,3,1,6,-4,8,5.86725
attacked,-1,2,5,-6,8,6.869375
betrayed,-3,2,5,-6,8,7.041625
creative,2,2,7,-6,8,7.4175
detached,-1,2,5,-6,8,7.501125
esteemed,2,2,5,-6,8,9.10625
reassure,1,2,6,-6,8,7.619625
redeemed,2,2,3,-6,8,8.463375
restrict,-2,2,6,-6,8,7.357875
saddened,-2,2,4,-6,8,7.42575
screamed,-2,2,6,-6,8,6.91575
startled,-2,2,5,-6,8,7.446625
treasure,2,2,6,-6,8,7.96075
betrayal,-3,3,6,-4,8,6.44625
destroys,-3,2,5,-4,8,6.766625
dreading,-2,2,7,-4,8,6.3865
fearsome,-2,2,7,-4,8,7.25325
greeting,1,2,5,-4,8,7.274
starving,-2,2,6,-4,8,5.780625
swearing,-2,2,6,-4,8,6.409125
wavering,-1,2,7,-4,8,5.7405
vexation,-2,1,7,-2,8,6.534375
absentee,-1,2,6,-6,8,8.737125
accepted,1,2,4,-6,8,6.796625
adequate,1,2,6,-6,8,7.2375
advanced,1,2,5,-6,8,6.006375
careless,-2,2,6,-6,8,7.377375
craziest,-2,2,6,-6,8,6.507625
deceived,-3,2,3,-6,8,7.16725
deceives,-3,2,4,-6,8,7.4265
defender,2,2,5,-6,8,7.697
fascists,-2,2,7,-6,8,6.0225
fearless,2,2,6,-6,8,7.308125
restless,-2,2,6,-6,8,7.931625
restored,1,2,6,-6,8,8.065125
restores,1,2,7,-6,8,8.324375
verdicts,-1,2,7,-6,8,6.131375
strength,2,3,5,-4,8,7.24825
beatific,3,4,7,-4,8,6.294875
straight,1,4,6,-4,8,6.7085
terrible,-3,4,6,-4,8,7.364625
terrific,4,4,6,-4,8,6.58425
terribly,-3,3,6,-2,8,6.023625
wrathful,-3,3,7,-2,8,5.084375
derailed,-2,2,5,-4,8,7.381875
detained,-2,2,5,-4,8,8.106
retained,-1,2,6,-4,8,8.32275
deadlock,-2,3,5,-2,8,5.557625
fatality,-3,3,7,-2,8,6.204875
escaping,-1,2,7,-2,8,5.954625
gracious,3,2,6,-2,8,5.313625
reaching,1,2,7,-2,8,6.43275
abducted,-2,2,6,-6,8,5.682875
absorbed,1,2,5,-6,8,5.990875
sabotage,-2,2,7,-6,8,6.929125
accident,-2,4,5,-4,8,6.682125
arrogant,-2,4,6,-4,8,6.704375
scandals,-3,4,7,-4,8,5.849625
struggle,-2,4,5,-4,8,5.610625
beauties,3,4,7,-4,8,7.52125
decisive,1,4,5,-4,8,6.7095
despairs,-3,4,6,-4,8,6.58225
fatigued,-2,4,6,-4,8,6.018125
fatigues,-2,4,7,-4,8,6.277375
favorite,2,4,7,-4,8,6.698875
ratified,2,4,6,-4,8,7.040625
resigned,-1,4,6,-4,8,7.212625
beautify,3,5,7,-2,8,5.667875
casualty,-2,5,7,-2,8,5.407
stricken,-2,5,6,-2,8,6.417625
abandons,-2,4,7,-2,8,6.176375
accusing,-2,4,6,-2,8,4.81825
deriding,-2,4,6,-2,8,6.236375
desirous,2,4,6,-2,8,6.603375
exciting,3,4,7,-2,8,5.92325
granting,1,4,6,-2,8,5.963
refusing,-2,4,7,-2,8,5.7165
absolved,2,2,5,-4,8,5.681375
absolves,2,2,6,-4,8,5.940625
darkness,-1,2,6,-4,8,6.4105
excluded,-2,2,5,-4,8,5.453125
reckless,-2,2,5,-4,8,6.453
resolved,2,2,5,-4,8,6.810125
resolves,2,2,6,-4,8,7.069375
stampede,-2,2,5,-4,8,7.19275
strikers,-2,2,5,-4,8,6.7655
stronger,2,2,6,-4,8,7.04125
weakness,-2,2,6,-4,8,7.01325
debonair,2,4,6,-2,8,6.727875
astounds,3,2,6,-2,8,6.393
resolute,2,2,6,-2,8,7.633
warnings,-3,2,7,-2,8,5.665
dejected,-2,2,4,-6,8,7.325375
rejected,-1,2,5,-6,8,7.542125
adorable,3,4,7,-4,8,6.5375
benefits,2,4,7,-4,8,7.27775
sentence,-2,4,6,-4,8,8.721125
stubborn,-2,5,6,-2,8,5.171
generous,2,4,7,-2,8,7.093375
censored,-2,4,5,-4,8,7.376125
demanded,-1,4,4,-4,8,6.935625
raptured,2,4,6,-4,8,6.354875
raptures,2,4,7,-4,8,6.614125
trickery,-2,5,6,-2,8,5.77825
expelled,-2,4,5,-2,8,6.561
welcomed,2,4,6,-2,8,6.092125
welcomes,2,4,7,-2,8,6.351375
abhorred,-3,2,5,-4,8,6.523625
admitted,-1,2,5,-4,8,7.107375
bankster,-3,2,7,-4,8,6.4065
relieved,2,2,6,-4,8,7.539375
relieves,1,2,7,-4,8,7.798625
validate,1,2,7,-4,8,6.78925
belittle,-2,4,6,-2,8,7.503
exultant,3,4,7,-2,8,6.582875
delights,3,4,6,-2,8,6.42975
swindles,-3,4,6,-2,8,6.213625
troubled,-2,4,5,-2,8,5.9725
troubles,-2,4,6,-2,8,6.23175
agonised,-3,2,6,-2,8,6.83575
agonises,-3,2,7,-2,8,7.095
agonized,-3,2,6,-2,8,6.054125
agonizes,-3,2,7,-2,8,6.313375
failures,-2,2,7,-2,8,6.145
rejoiced,4,2,5,-2,8,6.6315
rejoices,4,2,6,-2,8,6.89075
repulsed,-2,2,6,-2,8,6.335375
cheaters,-3,2,7,-6,8,7.977125
disaster,-2,2,7,-6,8,7.473125
discards,-1,2,7,-6,8,5.63275
disgrace,-2,2,5,-6,8,6.149875
distract,-2,2,6,-6,8,6.57425
distress,-2,2,5,-6,8,7.243125
smartest,2,2,6,-6,8,7.5035
thwarted,-2,2,5,-6,8,7.209375
threaten,-2,3,7,-4,8,8.814125
bitterly,-2,3,6,-2,8,6.40725
boastful,-2,3,6,-2,8,5.195
cheerful,2,3,5,-2,8,6.15975
cowardly,-2,3,7,-2,8,4.631875
burdened,-2,4,5,-4,8,6.362
chastise,-3,4,7,-4,8,7.302625
distrust,-3,4,6,-4,8,6.34125
worsened,-3,4,6,-4,8,7.323375
blessing,3,4,6,-2,8,5.825375
cheering,2,4,6,-2,8,6.999625
enraging,-2,4,7,-2,8,6.41875
sobering,1,4,7,-2,8,6.218125
dirtiest,-2,4,6,-4,8,7.664125
distorts,-2,4,6,-4,8,6.934875
disturbs,-2,4,6,-4,8,5.39575
survived,2,4,5,-4,8,5.118625
tortured,-4,4,5,-4,8,7.16325
tortures,-4,4,6,-4,8,7.4225
survivor,2,6,6,-2,8,4.686
alarmist,-2,4,7,-2,8,6.387625
disguise,-1,4,7,-2,8,6.03925
disquiet,-2,4,7,-2,8,6.140375
sparkles,3,4,7,-2,8,5.7795
bothered,-2,4,6,-4,8,7.474125
cornered,-2,4,6,-4,8,7.333625
disorder,-2,4,6,-4,8,6.74775
downcast,-2,4,7,-4,8,5.900125
endorsed,2,4,6,-4,8,7.56
endorses,2,4,7,-4,8,7.81925
enslaved,-2,4,6,-4,8,6.987875
enslaves,-2,4,7,-4,8,7.247125
fuckface,-4,4,6,-4,8,4.302375
fucktard,-4,4,7,-4,8,4.500375
suspects,-1,4,6,-4,8,6.026
dismayed,-2,6,6,-2,8,5.881
downside,-2,6,6,-2,8,6.389625
entitled,1,6,6,-2,8,8.188625
skeptics,-2,6,7,-2,8,5.857625
coziness,2,4,6,-2,8,6.17925
dickhead,-4,4,7,-2,8,5.748625
disputed,-2,4,6,-2,8,6.0305
disputes,-2,4,7,-2,8,6.28975
fuckhead,-4,4,7,-2,8,4.9695
spammers,-3,4,6,-2,8,5.781375
appeased,2,2,5,-4,8,7.022
appeases,2,2,6,-4,8,7.28125
congrats,2,2,6,-4,8,6.07375
shortage,-2,2,6,-4,8,7.231875
courtesy,2,3,6,-2,8,6.136625
allergic,-2,4,5,-2,8,5.833625
funerals,-1,4,6,-2,8,6.117875
tolerant,2,4,6,-2,8,7.906125
consents,2,4,7,-2,8,7.274875
approved,2,4,5,-2,8,5.4315
approves,2,4,6,-2,8,5.69075
boycotts,-2,4,6,-2,8,5.712625
clueless,-2,4,6,-2,8,6.456
comforts,2,4,6,-2,8,5.475
confused,-2,4,6,-2,8,5.66325
fondness,2,4,6,-2,8,6.60525
goodness,3,4,5,-2,8,6.673375
shithead,-4,4,7,-2,8,7.457375
slickest,2,4,7,-2,8,6.119625
spirited,2,4,6,-2,8,6.77325
violated,-2,2,5,-2,8,6.70675
violates,-2,2,6,-2,8,6.966
obsessed,2,1,5,-6,8,7.204625
perfects,2,1,5,-6,8,6.714125
obstacle,-2,3,7,-4,8,6.50725
oversell,-2,2,6,-2,8,6.781625
peaceful,2,2,6,-2,8,5.911625
negative,-2,3,7,-4,8,7.416875
paradise,3,3,7,-4,8,6.81225
pressure,-1,3,6,-4,8,6.839875
pretends,-1,3,7,-4,8,7.463125
prevents,-1,3,7,-4,8,7.05375
harshest,-2,3,7,-4,8,7.59425
offended,-2,3,4,-4,8,6.57775
offender,-2,3,5,-4,8,6.7945
lawsuits,-2,3,6,-2,8,5.74825
overload,-1,3,6,-2,8,6.39075
pardoned,2,3,6,-2,8,6.443375
hesitate,-2,3,7,-4,8,8.88375
irritate,-3,3,6,-4,8,8.110875
neglects,-2,3,6,-4,8,7.04475
prepared,1,3,6,-4,8,6.707
lethargy,-2,4,6,-2,8,6.2525
hesitant,-2,5,7,-2,8,8.139625
pathetic,-2,5,7,-2,8,7.094
obsolete,-2,3,6,-2,8,7.66475
progress,2,3,5,-4,8,6.097625
protects,1,3,6,-4,8,6.91825
protests,-2,3,7,-4,8,7.361375
prospect,1,5,6,-2,8,6.027375
isolated,-1,3,5,-2,8,7.375375
helpless,-2,3,6,0,8,6.766375
promised,1,3,6,0,8,6.009625
promises,1,3,7,0,8,6.268875
promoted,1,3,6,0,8,6.418375
promotes,1,3,7,0,8,6.677625
increase,1,1,7,-4,8,7.79775
infected,-2,1,5,-4,8,7.17975
interest,1,1,7,-4,8,8.693125
murderer,-2,1,5,-4,8,6.59775
outraged,-3,1,5,-4,8,6.555625
outreach,2,2,6,-2,8,6.881625
hysteria,-3,3,6,-2,8,7.159125
pleasant,3,3,7,-2,8,7.14025
unstable,-2,3,6,-2,8,6.4095
insecure,-2,3,6,-2,8,7.121625
mistakes,-2,3,7,-2,8,6.590375
pleasure,3,3,7,-2,8,6.824625
incensed,-2,3,5,-2,8,7.40375
unwanted,-2,3,5,-2,8,6.59925
huckster,-2,3,6,-2,8,5.80975
motivate,1,3,7,-2,8,7.10475
unbiased,2,3,5,-2,8,6.17675
inspired,2,3,6,0,8,6.484875
inspires,2,3,7,0,8,6.744125
insulted,-2,3,6,0,8,6.6045
derision,-2,3,6,0,8,7.182125
sedition,-2,3,6,0,8,7.56575
tranquil,2,3,6,0,8,5.475375
fabulous,4,2,6,0,8,4.40775
stalling,-2,2,6,0,8,5.91625
eviction,-1,3,7,0,8,6.71325
faithful,3,5,7,0,8,5.19025
friendly,2,5,6,0,8,5.6105
scornful,-2,5,7,0,8,4.795375
cautious,-1,4,7,0,8,5.790125
crushing,-1,4,7,0,8,4.95975
frowning,-1,4,6,0,8,5.070125
admiring,3,4,7,0,8,5.438625
bankrupt,-3,4,7,0,8,4.61375
brooding,-2,4,5,0,8,5.3095
exposing,-1,4,7,0,8,5.543125
denounce,-2,2,4,0,8,7.02525
exploits,-2,2,6,0,8,6.08275
felonies,-3,2,6,0,8,7.40075
walkouts,-2,2,7,0,8,5.1215
flagship,2,3,7,0,8,4.718875
vitality,3,5,7,0,8,5.8985
charming,3,4,7,0,8,5.14575
slashing,-2,4,7,0,8,5.83375
virtuous,2,4,6,0,8,5.292125
worrying,-3,4,6,0,8,4.943125
shameful,-2,5,7,0,8,5.588375
ensuring,1,6,7,0,8,6.281625
rigorous,3,6,7,0,8,5.63175
vigilant,3,6,7,0,8,5.61525
virulent,-2,6,7,0,8,6.152625
thrilled,5,4,5,0,8,6.6385
blissful,3,3,6,0,8,4.2685
doubtful,-1,3,5,0,8,4.259625
spiteful,-2,3,7,0,8,5.748875
sluggish,-2,5,6,0,8,4.565875
boosting,1,4,6,0,8,5.952375
condemns,-2,4,5,0,8,6.184375
contempt,-2,4,7,0,8,6.523375
doubting,-1,4,6,0,8,5.0995
snubbing,-2,4,5,0,8,4.3185
superior,2,4,7,0,8,6.270375
approval,2,5,6,0,8,4.836125
suicidal,-2,5,7,0,8,5.2805
splendid,3,6,7,0,8,5.9005
appalled,-2,4,4,0,8,5.649625
conflict,-2,4,7,0,8,5.261875
convince,1,4,6,0,8,5.901875
sympathy,2,3,5,2,8,4.740875
applauds,2,4,6,0,8,4.694375
applause,2,4,6,0,8,5.7505
collapse,-2,4,5,0,8,5.933
violence,-3,4,5,0,8,6.801375
collides,-1,2,4,0,8,6.073375
supports,2,2,5,0,8,5.2275
hardship,-2,2,7,0,8,5.727125
heavenly,4,2,7,0,8,6.673875
yearning,1,3,7,0,8,6.413625
praising,3,5,7,0,8,5.63825
landmark,2,6,7,0,8,5.06575
prisoner,-2,5,7,0,8,6.76925
provoked,-1,5,6,0,8,5.204375
provokes,-1,5,7,0,8,5.463625
jeopardy,-2,4,7,0,8,5.334
ignorant,-2,5,7,0,8,6.6495
launched,1,5,5,0,8,5.94125
panicked,-3,5,6,0,8,5.54
powerful,2,2,6,0,8,4.937
mistaken,-2,4,7,0,8,6.643125
imbecile,-3,3,6,0,8,6.255125
inferior,-2,3,7,0,8,6.8865
horrible,-3,5,6,0,8,6.345
horrific,-3,5,6,0,8,5.564625
lovelies,3,3,6,0,8,6.904
mischief,-1,3,7,0,8,5.808875
inflamed,-2,5,6,0,8,5.937
positive,2,5,7,0,8,6.553875
lunatics,-3,3,6,0,8,5.85375
nonsense,-2,3,7,0,8,8.2265
hopeless,-2,3,6,0,8,7.201625
improved,2,3,6,0,8,5.341
improves,2,3,7,0,8,5.60025
mindless,-2,3,6,0,8,6.219375
innovate,1,1,6,0,8,7.35925
problems,-2,7,7,0,8,5.296875
admonish,-2,3,7,2,8,6.058625
criminal,-3,3,7,2,8,5.506
stopping,-1,2,6,2,8,5.30975
stunning,4,2,5,2,8,5.921125
blocking,-1,4,5,2,8,4.0385
fulfills,2,4,6,2,8,4.07275
glorious,2,4,6,2,8,5.3865
shocking,-2,4,6,2,8,4.9015
soothing,3,4,6,2,8,6.527625
sunshine,2,4,6,2,8,6.834
childish,-2,5,7,2,8,5.438375
cynicism,-2,5,6,2,8,4.619
bullshit,-4,4,6,2,8,5.092875
dolorous,-2,4,5,2,8,5.733875
timorous,-2,4,7,2,8,6.06425
solution,1,3,6,4,8,6.361875
euphoria,3,4,7,2,8,6.51375
euphoric,4,4,7,2,8,5.840625
gullible,-2,4,6,2,8,4.751
complain,-2,3,7,4,8,5.066375
annoying,-2,2,6,4,8,5.8595
bullying,-2,2,6,4,8,3.7505
chilling,-1,2,6,4,8,4.95275
enjoying,2,2,6,4,8,5.601875
laughing,1,5,7,2,8,4.848625
haunting,1,5,6,2,8,6.06925
oxymoron,-1,4,6,4,8,4.973375
insanity,-2,4,7,2,8,6.61925
libelous,-2,3,6,2,8,5.72525
loathing,-3,3,6,2,8,6.322375
lobbying,-2,3,5,2,8,4.0275
postpone,-1,3,7,2,8,6.71325
unworthy,-2,4,4,2,8,5.310625
inviting,1,5,7,2,8,5.805625
jubilant,3,5,6,2,8,4.92075
optimism,2,4,7,4,8,5.445375
homesick,-2,4,7,2,8,5.6945
humerous,3,3,5,2,8,5.817375
lonesome,-2,3,6,2,8,7.490625
mournful,-2,4,7,4,8,4.30225
youthful,2,4,7,4,8,4.55
poisoned,-2,3,6,2,8,6.7425
mourning,-2,3,7,4,8,5.142125
joyfully,3,2,6,6,8,3.0805
immortal,2,2,5,2,8,5.815
impotent,-2,3,7,2,8,7.046375
punished,-2,3,5,2,8,5.97225
punishes,-2,3,6,2,8,6.2315
punitive,-2,3,6,2,8,6.013
honoring,2,3,7,4,8,6.19675
humorous,2,3,5,4,8,5.168
imposing,-1,3,7,4,8,5.108125
honoured,2,1,6,2,8,6.694625
polluted,-2,1,4,2,8,5.781875
polluter,-2,1,5,2,8,5.998625
pollutes,-2,1,5,2,8,6.041125
hooligan,-2,2,5,4,8,6.12875
aggravate,-2,0,6,-9,9,6.361555556
attracted,1,0,5,-9,9,7.691777778
devastate,-2,0,7,-9,9,7.934222222
regretted,-2,0,5,-9,9,8.273333333
steadfast,2,0,8,-9,9,7.364777778
rebellion,-2,1,7,1,9,6.906111111
agreeable,2,2,6,-7,9,7.551
sarcastic,-2,2,8,-7,9,6.284555556
daredevil,2,1,6,-5,9,6.670333333
regretful,-2,1,6,-5,9,6.384444444
effective,2,2,6,-7,9,6.927111111
stressors,-2,2,6,-7,9,7.394111111
bereaving,-2,2,8,-5,9,6.417555556
deferring,-1,2,6,-5,9,6.621
rewarding,2,2,8,-5,9,6.131777778
affection,3,1,6,-3,9,6.487222222
recession,-2,1,5,-3,9,7.561
reassured,1,2,6,-7,9,7.245555556
reassures,1,2,7,-7,9,7.476
restricts,-2,2,7,-7,9,7.243333333
treasures,2,2,7,-7,9,7.779222222
agreement,1,4,6,-5,9,8.054
destroyed,-3,2,5,-5,9,7.195666667
greetings,2,2,6,-5,9,7.168777778
attacking,-1,2,6,-3,9,5.97
betraying,-3,2,7,-3,9,6.123111111
deafening,-1,2,7,-3,9,6.947888889
screaming,-2,2,8,-3,9,6.011222222
carefully,2,1,7,-1,9,4.960888889
absentees,-1,2,7,-7,9,8.469333333
advantage,2,2,8,-7,9,6.694888889
defenders,2,2,6,-7,9,7.544777778
greenwash,-3,3,6,-5,9,7.011444444
deceitful,-3,3,4,-3,9,6.385777778
resentful,-2,3,7,-3,9,6.948222222
strangely,-1,3,7,-3,9,6.333555556
adventure,2,4,8,-5,9,7.039111111
strangled,-2,4,6,-5,9,6.586777778
terrified,-3,4,6,-5,9,7.427444444
terrorize,-3,4,7,-5,9,7.440888889
accepting,1,4,6,-3,9,5.905333333
deceiving,-3,4,5,-3,9,6.234777778
restoring,1,4,8,-3,9,7.032888889
deception,-3,3,5,-1,9,7.182888889
detention,-2,3,7,-1,9,8.415555556
affronted,-1,2,5,-5,9,6.541888889
fascinate,3,2,8,-5,9,7.016
excellent,3,4,6,-3,9,7.210333333
dedicated,2,2,5,-7,9,7.237111111
desperate,-3,2,7,-7,9,8.202777778
fraudster,-4,2,7,-7,9,6.385
respected,2,2,6,-7,9,7.604444444
desirable,2,4,7,-5,9,6.957888889
accidents,-2,4,6,-5,9,6.642666667
satisfied,2,4,7,-5,9,6.999111111
scapegoat,-2,4,8,-5,9,6.516888889
struggled,-2,4,5,-5,9,5.459777778
struggles,-2,4,6,-5,9,5.690222222
abduction,-2,3,8,-1,9,5.525555556
favorited,2,4,7,-5,9,6.427111111
favorites,2,4,8,-5,9,6.657555556
sceptical,-2,5,7,-3,9,6.081777778
beautiful,3,5,8,-1,9,5.572444444
abandoned,-2,4,7,-3,9,6.671
fatiguing,-2,4,8,-1,9,5.213333333
resigning,-1,4,8,-1,9,6.275111111
seditious,-2,4,7,-1,9,6.984666667
trembling,-2,4,7,-1,9,5.710888889
acquitted,2,2,6,-5,9,6.203888889
afflicted,-1,2,6,-5,9,5.823
strongest,2,2,7,-5,9,7.302888889
traumatic,-3,4,6,-3,9,6.149444444
exclusive,2,4,8,-3,9,5.487777778
absolving,2,4,7,-1,9,4.914
erroneous,-2,4,7,-1,9,7.580666667
resolving,2,4,7,-1,9,5.917333333
astounded,3,2,5,-3,9,6.863555556
recommend,2,4,6,-1,9,6.388222222
celebrate,3,2,6,-7,9,7.735
depressed,-2,2,5,-7,9,7.464666667
frustrate,-2,2,6,-7,9,6.918666667
exuberant,4,4,8,-5,9,6.640333333
fantastic,4,4,8,-5,9,6.610888889
dejecting,-2,4,6,-3,9,6.375333333
rejecting,-1,4,7,-3,9,6.568
sentenced,-2,4,6,-5,9,8.224666667
sentences,-2,4,7,-5,9,8.455111111
cancelled,-1,4,5,-3,9,6.465222222
brightest,2,4,7,-5,9,6.632777778
exhausted,-2,4,7,-5,9,6.912111111
criticize,-2,6,8,-3,9,6.031222222
falsified,-3,6,7,-3,9,5.984666667
squelched,-1,6,7,-3,9,5.748666667
criticism,-2,7,8,-1,9,5.582
demanding,-1,6,7,-1,9,6.028888889
rapturous,4,6,8,-1,9,5.608444444
bamboozle,-2,6,7,-1,9,5.041333333
exonerate,2,2,8,-5,9,8.413555556
validated,1,2,7,-5,9,6.507444444
validates,1,2,8,-5,9,6.737888889
abhorrent,-3,4,7,-3,9,7.082333333
belittled,-2,4,6,-3,9,7.141888889
relieving,2,4,8,-1,9,6.565555556
dauntless,2,4,6,-3,9,6.707111111
delighted,3,4,6,-3,9,6.896222222
gallantry,3,5,6,-1,9,5.573888889
abilities,2,4,8,-1,9,6.963
denounces,-2,2,5,-1,9,6.947666667
exploited,-2,2,6,-1,9,6.587777778
stimulate,1,2,7,-1,9,6.829222222
disasters,-2,2,8,-7,9,7.345777778
discarded,-1,2,6,-7,9,6.187777778
disgraced,-2,2,5,-7,9,5.939111111
disregard,-2,2,8,-7,9,6.295222222
distracts,-2,2,7,-7,9,6.546777778
embarrass,-2,2,6,-7,9,6.395777778
shattered,-2,2,6,-7,9,8.260444444
energetic,2,4,7,-5,9,7.962333333
threatens,-2,4,8,-5,9,8.537777778
forgetful,-2,3,6,-3,9,5.389555556
emergency,-2,5,7,-3,9,6.668777778
suffering,-2,4,7,-3,9,5.328888889
thwarting,-2,4,7,-3,9,6.272222222
woebegone,-2,4,8,-3,9,7.304
chastised,-3,4,7,-5,9,6.963777778
chastises,-3,4,8,-5,9,7.194222222
cheerless,-2,4,6,-5,9,7.738666667
guarantee,1,4,7,-5,9,7.589222222
elegantly,2,5,8,-1,9,6.823888889
chagrined,-2,4,6,-3,9,6.190555556
audacious,3,4,8,-1,9,5.520555556
burdening,-2,4,7,-1,9,5.519
disabling,-1,4,8,-1,9,5.217777778
vivacious,3,4,8,-1,9,4.825444444
worsening,-3,4,8,-1,9,6.373555556
disgusted,-3,4,7,-5,9,6.073
distorted,-2,4,6,-5,9,7.345222222
disturbed,-2,4,6,-5,9,5.977111111
engrossed,1,4,5,-5,9,7.174333333
entrusted,2,4,6,-5,9,7.732222222
forgotten,-1,5,6,-3,9,6.978555556
apathetic,-3,6,8,-3,9,7.213222222
diffident,-2,6,6,-3,9,6.155666667
sorrowful,-2,5,7,-1,9,4.965111111
cherished,2,6,7,-3,9,7.100777778
cherishes,2,6,8,-3,9,7.331222222
clarifies,2,6,8,-3,9,6.238888889
enrapture,3,6,8,-3,9,7.337444444
difficult,-1,6,7,-1,9,4.584666667
forgiving,1,6,7,-1,9,4.601222222
surviving,2,6,7,-1,9,4.413777778
torturing,-4,6,7,-1,9,6.231222222
alarmists,-2,4,8,-3,9,6.380888889
charmless,-3,4,7,-3,9,6.090777778
disappear,-1,4,7,-3,9,6.269666667
disguised,-1,4,7,-3,9,5.840777778
disguises,-1,4,8,-3,9,6.071222222
fortunate,2,4,6,-3,9,7.134444444
worthless,-2,4,6,-3,9,6.709444444
rotflmfao,4,5,7,-1,9,5.456777778
victimize,-3,4,8,-1,9,5.432888889
worshiped,3,4,7,-1,9,6.013888889
disparage,-2,4,8,-5,9,6.279222222
suspected,-1,4,6,-5,9,6.537333333
dithering,-2,6,8,-1,9,6.754222222
enchanted,2,6,7,-3,9,7.694888889
suspended,-1,6,6,-3,9,6.444444444
skeptical,-2,7,8,-1,9,5.858444444
encourage,2,4,8,-3,9,6.818777778
anguished,-3,6,7,-1,9,6.225666667
challenge,-1,6,7,-1,9,6.584555556
dishonest,-2,4,8,-1,9,7.331222222
flustered,-2,2,7,-5,9,6.670888889
shortages,-2,2,7,-5,9,7.131333333
sincerest,2,2,7,-5,9,7.733111111
whitewash,-3,3,8,-3,9,6.680666667
sincerely,2,3,7,-1,9,6.690444444
wonderful,4,3,6,-1,9,5.396555556
sincerity,2,5,7,-1,9,6.612111111
appeasing,2,4,7,-1,9,6.105666667
courteous,2,4,7,-1,9,6.376
contender,-1,4,7,-3,9,7.609666667
amusement,3,6,7,-1,9,7.030333333
condemned,-2,4,5,-1,9,6.678111111
boycotted,-2,4,6,-3,9,6.258777778
douchebag,-3,4,8,-3,9,5.307777778
vindicate,2,4,8,-3,9,6.513222222
confident,2,6,7,-1,9,6.554666667
conflicts,-2,4,8,-1,9,5.380222222
convinced,1,4,6,-1,9,5.718666667
convinces,1,4,7,-1,9,5.949111111
emptiness,-1,4,7,-1,9,7.240444444
toothless,-2,4,6,-1,9,7.622333333
competent,2,4,8,-1,9,7.209888889
applauded,2,4,5,-1,9,5.353666667
collapsed,-2,4,5,-1,9,5.746333333
collapses,-2,4,6,-1,9,5.976777778
commended,2,4,5,-1,9,6.195555556
committed,1,2,5,-1,9,6.348222222
supported,2,2,5,-1,9,5.827555556
supporter,1,2,6,-1,9,6.020222222
overreact,-2,1,7,-7,9,7.318666667
perfected,2,1,5,-7,9,7.149
heartfelt,3,3,6,-5,9,7.779666667
perfectly,3,2,6,-3,9,5.931666667
obstacles,-2,3,8,-5,9,6.487222222
persecute,-2,3,7,-5,9,7.438333333
oversells,-2,3,7,-3,9,6.731111111
pressured,-2,3,6,-5,9,6.552444444
prevented,-1,3,7,-5,9,7.450888889
maddening,-3,3,6,-1,9,6.028888889
marvelous,3,3,6,-1,9,5.650777778
perturbed,-2,3,5,-5,9,6.318444444
passively,-1,4,7,-1,9,5.488333333
petrified,-2,5,6,-3,9,6.976555556
offending,-2,5,7,-1,9,5.710777778
obstinate,-2,3,8,-3,9,7.558
overjoyed,4,3,7,-1,9,5.973666667
irritated,-3,3,6,-5,9,7.682222222
jackasses,-4,3,7,-5,9,5.747111111
neglected,-2,3,6,-5,9,7.442888889
lethargic,-2,5,7,-3,9,6.421555556
perplexed,-2,3,7,-3,9,6.264333333
protected,1,3,6,-5,9,7.330444444
proactive,2,5,8,-3,9,6.230444444
prosecute,-1,5,7,-3,9,6.861111111
mandatory,-1,6,8,-1,9,6.029555556
profiteer,-2,5,7,-3,9,7.229333333
prospects,1,5,7,-3,9,6.060666667
prisoners,-2,5,8,-1,9,6.720111111
ignorance,-2,5,7,-1,9,6.624888889
increased,1,1,7,-5,9,7.403888889
interests,1,1,8,-5,9,8.430222222
lifesaver,4,1,8,-5,9,6.675777778
miserable,-3,3,8,-3,9,6.752666667
uncertain,-1,2,5,-1,9,6.879555556
hysterics,-3,3,7,-3,9,6.468333333
unsettled,-1,3,5,-3,9,7.514222222
integrity,2,4,7,-1,9,6.830111111
interrupt,-2,3,7,-1,9,6.798888889
murdering,-3,3,6,-1,9,5.535888889
murderous,-3,3,6,-1,9,5.631666667
upsetting,-2,3,7,-1,9,6.395333333
misbehave,-2,3,8,-3,9,6.426
powerless,-2,3,7,-3,9,6.651777778
undecided,-1,3,3,-3,9,6.379777778
unsecured,-2,3,5,-3,9,6.335333333
intricate,2,3,7,-3,9,7.603444444
incapable,-2,5,8,-1,9,5.886555556
horrified,-3,5,6,-1,9,6.521111111
intrigues,1,5,7,-1,9,6.614
justified,2,5,6,-1,9,5.712111111
unequaled,2,5,6,-1,9,6.023222222
mischiefs,-1,3,8,-1,9,5.866444444
motivated,2,3,7,-3,9,6.787888889
infuriate,-2,5,8,-1,9,6.842111111
unfocused,-2,5,6,-1,9,5.340444444
imperfect,-2,1,6,-3,9,6.306444444
impressed,3,1,6,-3,9,6.622111111
impresses,3,1,7,-3,9,6.852555556
oppressed,-2,1,5,-3,9,6.629222222
hindrance,-2,3,7,-1,9,6.716555556
unmatched,1,3,5,-1,9,6.107444444
illnesses,-2,1,6,-1,9,7.35
innovates,1,1,7,-1,9,7.244555556
exclusion,-1,3,8,1,9,5.551777778
tremulous,-2,2,5,1,9,5.947333333
expelling,-2,4,7,1,9,5.695888889
gallantly,3,5,7,1,9,5.355888889
relishing,2,4,8,1,9,6.425666667
swindling,-3,4,7,1,9,5.156666667
agonising,-3,4,8,1,9,5.940111111
agonizing,-3,4,8,1,9,5.245333333
rejoicing,4,4,8,1,9,5.758555556
brilliant,4,4,6,1,9,5.937
criminals,-3,4,8,1,9,5.597222222
sparkling,3,4,8,1,9,4.770777778
vitriolic,-3,4,6,1,9,5.692555556
sprightly,2,7,8,1,9,4.930333333
ambitious,2,6,8,1,9,5.738333333
authority,1,7,8,1,9,6.396111111
disputing,-2,6,8,1,9,5.224333333
glamorous,3,6,8,1,9,5.188777778
visionary,3,5,8,1,9,5.735666667
visioning,1,4,8,3,9,5.691444444
contagion,-2,3,8,1,9,6.388666667
convivial,2,7,8,1,9,5.013111111
confusing,-2,6,8,1,9,4.897888889
silencing,-1,6,8,1,9,6.142333333
fulfilled,2,4,6,1,9,4.801111111
appalling,-2,4,6,3,9,4.885777778
violating,-2,4,7,1,9,5.825444444
enlighten,2,5,8,1,9,7.450888889
whimsical,1,5,8,1,9,5.121444444
compelled,1,4,6,1,9,5.814555556
solutions,1,4,7,3,9,6.358
annoyance,-2,4,6,1,9,6.838444444
apologise,-1,4,6,1,9,6.349444444
apologize,-1,4,6,1,9,5.654666667
animosity,-2,5,8,3,9,6.235333333
colliding,-1,4,6,3,9,5.032
colluding,-3,4,6,3,9,4.564444444
complains,-2,4,8,3,9,5.206444444
collision,-2,3,6,5,9,5.872666667
nervously,-2,4,7,1,9,5.445222222
pessimism,-2,4,7,1,9,5.817333333
pardoning,2,3,8,1,9,5.591333333
laughting,1,7,8,1,9,5.316111111
provoking,-1,5,7,3,9,4.49
obnoxious,-3,5,8,3,9,5.218111111
promoting,1,5,8,3,9,5.569111111
happiness,3,3,6,1,9,6.354444444
prominent,2,5,8,3,9,6.672333333
mistaking,-2,3,7,1,9,5.491555556
undermine,-2,3,6,1,9,6.808
misgiving,-2,5,8,1,9,4.598666667
unethical,-2,4,7,1,9,6.588777778
postponed,-1,3,7,1,9,6.439888889
postpones,-1,3,8,1,9,6.670333333
inability,-2,4,8,3,9,5.817888889
indignant,-2,7,8,1,9,6.407777778
litigious,-2,5,8,3,9,5.842888889
notorious,-2,5,8,3,9,6.707111111
inspiring,3,5,8,3,9,5.628222222
insulting,-2,5,8,3,9,5.734555556
highlight,2,5,8,3,9,5.480555556
mongering,-2,3,8,1,9,5.899555556
impatient,-2,5,8,1,9,7.110777778
unhealthy,-2,4,5,3,9,6.402111111
hilarious,2,3,8,3,9,6.088555556
hopefully,2,2,7,5,9,4.804666667
improving,2,5,8,3,9,4.611444444
important,2,3,7,1,9,6.424777778
unlovable,-2,3,6,1,9,5.378111111
injustice,-2,3,5,1,9,6.051
polluters,-2,1,6,1,9,6.035111111
hooligans,-2,3,6,3,9,6.150777778
honouring,2,3,8,5,9,5.814666667
humourous,2,3,6,5,9,4.900222222
aggravated,-2,0,6,-10,10,6.1507
aggravates,-2,0,7,-10,10,6.3581
devastated,-2,0,7,-10,10,7.5661
exaggerate,-2,0,8,-10,10,7.3663
aggressive,-2,2,6,-8,10,6.4186
attracting,2,2,7,-6,10,6.8001
regretting,-2,2,7,-6,10,7.3235
aggression,-2,1,6,-4,10,6.4762
attraction,2,1,7,-4,10,7.3493
restricted,-2,2,7,-8,10,7.5818
reassuring,2,4,8,-4,10,6.3985
stereotype,-2,4,9,-4,10,7.9942
determined,2,2,7,-4,10,7.7776
destroying,-3,2,7,-2,10,6.3536
treasonous,-3,2,8,-2,10,7.3087
advantages,2,2,9,-8,10,6.6581
revengeful,-2,3,9,-4,10,6.2846
strengthen,2,5,7,-4,10,7.7437
adventures,2,4,9,-6,10,6.9679
terrorized,-3,4,7,-6,10,7.1221
terrorizes,-3,4,8,-6,10,7.3295
assfucking,-4,4,7,-2,10,4.5091
fascinated,3,2,8,-6,10,6.7397
fascinates,3,2,9,-6,10,6.9471
excellence,3,4,6,-4,10,7.1321
fatalities,-3,4,9,-4,10,7.366
fraudsters,-4,2,8,-8,10,6.3792
accusation,-2,3,8,-2,10,6.1261
scapegoats,-2,4,9,-6,10,6.4979
accidental,-2,5,7,-4,10,6.5649
excitement,3,6,9,-4,10,7.5271
abductions,-2,4,9,-2,10,5.6057
scandalous,-3,4,8,-2,10,5.7062
struggling,-2,4,7,-2,10,4.7913
despairing,-3,6,8,-2,10,6.2061
fraudulent,-4,6,8,-2,10,5.8683
acquitting,2,4,8,-2,10,5.461
despondent,-3,4,7,-2,10,7.2227
astonished,2,4,8,-2,10,7.4148
recommends,2,4,7,-2,10,6.3821
responsive,2,4,9,-2,10,6.8174
astounding,3,4,8,0,10,6.0547
celebrated,3,2,6,-8,10,7.3868
celebrates,3,2,7,-8,10,7.5942
frustrated,-2,2,6,-8,10,6.6521
frustrates,-2,2,7,-8,10,6.8595
depressing,-2,4,7,-4,10,6.5957
benefitted,2,4,7,-6,10,7.7906
remarkable,2,6,9,-4,10,6.2407
sentencing,-2,6,9,-2,10,7.2797
captivated,3,4,8,-6,10,6.4056
frightened,-2,6,7,-4,10,6.8752
brightness,1,6,7,-4,10,6.3715
criticized,-2,6,8,-4,10,5.8534
criticizes,-2,6,9,-4,10,6.0608
relentless,-1,6,8,-4,10,8.0602
bamboozled,-2,6,7,-2,10,4.9625
bamboozles,-2,6,8,-2,10,5.1699
exonerated,2,2,8,-6,10,7.9975
exonerates,2,2,9,-6,10,8.2049
achievable,1,4,9,-4,10,6.4075
validating,1,4,9,-2,10,5.7342
stimulated,1,2,7,-2,10,6.5716
stimulates,1,2,8,-2,10,6.779
disregards,-2,2,9,-8,10,6.2984
distracted,-2,2,7,-8,10,6.9549
distressed,-2,2,6,-8,10,7.49
distresses,-2,2,7,-8,10,7.6974
successful,3,3,6,-4,10,4.9016
subversive,-2,4,8,-6,10,5.7217
threatened,-2,4,8,-6,10,8.7468
disastrous,-3,4,8,-4,10,6.3675
discarding,-1,4,9,-4,10,5.4465
disrespect,-2,4,8,-6,10,6.9031
chastising,-3,6,9,-2,10,6.1449
disbelieve,-2,4,9,-4,10,6.9113
questioned,-1,4,8,-2,10,6.9115
disgusting,-3,6,9,-2,10,5.3432
distorting,-2,6,8,-2,10,6.4882
disturbing,-2,6,8,-2,10,5.2569
disappears,-1,4,8,-4,10,6.2754
disruptive,-2,6,9,-2,10,5.7922
discounted,-1,4,7,-2,10,6.3353
victimized,-3,4,8,-2,10,5.3149
victimizes,-3,4,9,-2,10,5.5223
disparaged,-2,4,8,-6,10,6.0766
disparages,-2,4,9,-6,10,6.284
embittered,-2,4,7,-6,10,7.7322
withdrawal,-3,5,9,-4,10,5.7435
bothersome,-2,6,9,-2,10,7.178
suspecting,-1,6,8,-2,10,5.7611
vociferous,-1,6,9,-2,10,5.5742
ambivalent,-1,8,9,-2,10,6.0708
cocksucker,-5,8,9,-2,10,4.5171
roflcopter,4,6,9,-2,10,5.971
displeased,-2,4,8,-4,10,6.7651
encouraged,2,4,8,-4,10,6.5622
encourages,2,4,9,-4,10,6.7696
courageous,2,4,9,-2,10,5.851
appreciate,2,4,7,-4,10,7.0387
empathetic,2,6,9,-2,10,7.186
amusements,3,6,8,-2,10,6.96
vindicated,2,4,8,-4,10,6.2872
vindicates,2,4,9,-4,10,6.4946
confidence,2,6,7,-2,10,6.542
spiritless,-2,6,8,-2,10,6.6612
vulnerable,-2,4,9,-2,10,5.9585
supporters,1,2,7,-2,10,6.0509
overreacts,-2,1,8,-8,10,7.2195
persecuted,-2,3,7,-6,10,7.1198
persecutes,-2,3,8,-6,10,7.3272
overweight,-1,5,9,-4,10,6.6367
negativity,-2,6,9,-2,10,6.4629
pretending,-1,5,9,-2,10,6.9108
preventing,-1,5,9,-2,10,6.5833
irresolute,-2,3,7,-2,10,7.4017
passionate,2,3,8,-2,10,7.3897
usefulness,2,3,8,-2,10,6.2903
meditative,1,5,8,-4,10,7.3252
irritating,-3,5,8,-2,10,6.7915
neglecting,-2,5,8,-2,10,6.5761
protesters,-2,3,9,-6,10,7.758
protesting,-2,5,9,-2,10,6.8294
prosecuted,-2,5,7,-4,10,6.6003
prosecutes,-1,5,8,-4,10,6.8077
privileged,2,5,8,-2,10,5.8523
obliterate,-2,3,9,-4,10,7.766
propaganda,-2,5,9,-2,10,5.487
interested,2,1,8,-6,10,8.65
possessive,-2,3,7,-4,10,6.8092
inadequate,-2,3,8,-4,10,7.1615
uncredited,-1,3,6,-4,10,6.8208
hysterical,-3,4,8,-2,10,6.408
interrupts,-2,3,8,-2,10,6.7517
infatuated,2,3,8,-4,10,7.0102
misbehaved,-2,3,8,-4,10,6.2087
misbehaves,-2,3,9,-4,10,6.4161
indecisive,-2,5,7,-2,10,6.7391
infuriated,-2,5,8,-2,10,6.5832
infuriates,-2,5,9,-2,10,6.7906
impressive,3,3,8,-2,10,6.329
oppressive,-2,3,7,-2,10,6.3354
cancelling,-1,4,7,0,10,5.6962
exultantly,3,5,9,0,10,5.8662
delighting,3,6,8,0,10,6.0841
dehumanize,-2,4,6,0,10,6.2871
admonished,-2,4,8,0,10,6.5424
cherishing,2,6,9,0,10,6.2682
disguising,-1,6,9,0,10,5.1342
disjointed,-2,4,8,0,10,6.4932
contagions,-2,4,9,0,10,6.3825
contagious,-1,4,9,0,10,5.9834
contending,-1,6,9,0,10,6.5528
boycotting,-2,6,8,0,10,5.5104
comforting,2,6,8,0,10,5.3203
conspiracy,-3,5,9,0,10,5.117
consolable,2,6,8,0,10,6.1283
conciliate,2,4,9,0,10,6.7702
solidarity,2,5,8,0,10,6.1228
enlightens,2,6,9,0,10,7.3385
complacent,-2,4,8,0,10,5.8105
supportive,2,4,7,0,10,5.6139
apologised,-1,4,6,0,10,6.1398
apologises,-1,4,7,0,10,6.3472
apologized,-1,4,6,0,10,5.5145
apologizes,-1,4,7,0,10,5.7219
peacefully,2,2,7,0,10,5.3292
irrational,-1,4,8,0,10,6.9577
overlooked,-1,3,6,0,10,6.394
mediocrity,-3,6,8,0,10,6.0599
methodical,2,6,9,0,10,6.3958
prosperous,3,7,9,0,10,5.896
horrendous,-3,5,8,0,10,6.5871
undermined,-2,3,6,0,10,6.5525
undermines,-2,3,7,0,10,6.7599
misleading,-3,5,9,0,10,6.0576
motivating,2,5,9,0,10,5.9866
unapproved,-2,5,6,0,10,5.2959
intimidate,-2,3,9,0,10,7.3287
illiteracy,-2,2,8,0,10,6.265
importance,2,3,7,0,10,6.4251
innovative,2,3,8,0,10,6.6818
skepticism,-2,9,9,0,10,5.6233
accomplish,2,3,8,2,10,4.8985
exploiting,-2,4,8,2,10,5.8065
triumphant,4,4,7,2,10,5.9168
disruption,-2,5,9,2,10,5.8498
disappoint,-2,4,8,2,10,5.9849
rigorously,3,7,9,2,10,5.1053
ridiculous,-3,6,8,2,10,5.0329
suspicious,-2,6,9,2,10,5.0647
glamourous,3,6,9,2,10,4.9457
alienation,-2,5,9,2,10,7.7054
thoughtful,2,5,8,2,10,5.1591
applauding,2,6,8,2,10,4.6958
collapsing,-2,6,7,2,10,5.0492
committing,1,4,7,2,10,5.5909
supporting,1,4,7,2,10,5.1223
commitment,2,6,8,2,10,6.2036
complained,-2,4,8,2,10,5.7486
collisions,-2,4,7,4,10,5.9181
meaningful,2,4,8,2,10,5.4765
melancholy,-2,6,8,4,10,5.6431
mirthfully,3,4,7,4,10,4.5519
postponing,-1,3,9,4,10,5.6734
litigation,-1,4,9,2,10,6.7473
motivation,1,4,9,2,10,6.5358
lugubrious,-2,5,8,2,10,4.2593
positively,2,6,9,2,10,5.843
invincible,2,7,9,2,10,5.6375
optimistic,2,5,9,2,10,5.9961
optionless,-2,3,8,2,10,6.9095
imprisoned,-2,5,8,2,10,6.1792
innovation,1,2,8,4,10,6.7394
limitation,-1,2,9,4,10,6.7864
humiliated,-3,1,6,2,10,6.3393
monopolize,-2,1,8,6,10,5.7372
exaggerated,-2,0,8,-11,11,7.083272727
exaggerates,-2,0,9,-11,11,7.271818182
aggravating,-2,2,8,-7,11,5.480181818
devastating,-2,2,9,-7,11,6.766909091
crestfallen,-2,3,8,-5,11,6.795454545
aggressions,-2,2,7,-5,11,6.462636364
attractions,2,2,8,-5,11,7.256363636
catastrophe,-3,2,9,-5,11,7.070363636
effectively,2,3,8,-5,11,6.213
destructive,-3,4,8,-7,11,6.687909091
restricting,-2,4,9,-5,11,6.781181818
destruction,-3,3,8,-3,11,6.740272727
restriction,-2,3,9,-3,11,7.280454545
stereotyped,-2,4,9,-5,11,7.654090909
exasperated,2,2,9,-9,11,7.467454545
greenwasher,-3,4,8,-7,11,7.435636364
defenseless,-2,4,8,-7,11,7.913090909
strengthens,2,6,8,-5,11,7.614909091
adventurous,2,6,10,-3,11,6.112909091
fascinating,3,4,10,-3,11,6.015636364
desperately,-3,3,9,-5,11,7.256727273
accusations,-2,4,9,-3,11,6.144363636
fraudulence,-4,6,8,-3,11,5.919181818
recommended,2,4,6,-3,11,6.768090909
responsible,2,6,10,-1,11,6.610272727
celebrating,3,4,8,-5,11,6.603909091
frustrating,-2,4,8,-5,11,5.936
frustration,-2,3,8,-3,11,6.435272727
benefitting,2,6,9,-3,11,6.971
frightening,-3,6,9,-1,11,6.138818182
criticizing,-2,8,10,-1,11,5.209909091
selfishness,-3,6,8,-3,11,6.979454545
exonerating,2,4,10,-3,11,7.159090909
demoralized,-2,4,8,-3,11,6.276545455
exhilarated,3,2,9,-5,11,7.115363636
exhilarates,3,2,10,-5,11,7.303909091
dehumanized,-2,4,6,-1,11,6.102181818
dehumanizes,-2,4,7,-1,11,6.290727273
disregarded,-2,2,8,-9,11,6.692
embarrassed,-2,2,7,-9,11,6.774272727
embarrasses,-2,2,8,-9,11,6.962818182
distressing,-2,4,8,-5,11,6.697727273
distraction,-2,3,9,-3,11,6.710545455
discredited,-2,4,8,-7,11,6.931545455
threatening,-2,4,10,-3,11,7.840272727
substantial,1,7,10,-3,11,6.280909091
distrustful,-3,5,8,-3,11,5.431
foreclosure,-2,6,8,-3,11,6.410181818
disappeared,-1,4,8,-5,11,6.671090909
discouraged,-2,4,9,-5,11,5.792454545
speculative,-2,6,9,-3,11,6.217454545
disparaging,-2,6,10,-3,11,5.412818182
endorsement,2,8,10,-3,11,7.921818182
cocksuckers,-5,8,10,-3,11,4.681636364
disoriented,-2,8,9,-3,11,7.588
downhearted,-2,4,7,-5,11,7.257272727
significant,1,8,10,-1,11,5.906454545
contestable,-2,4,10,-5,11,7.324090909
constrained,-2,4,8,-3,11,7.022272727
appreciated,2,4,7,-5,11,6.785454545
appreciates,2,4,8,-5,11,6.974
comfortable,2,6,9,-3,11,5.805363636
vindicating,2,6,10,-1,11,5.604272727
blockbuster,3,6,9,-3,11,4.990909091
conflictive,-2,6,10,-1,11,5.703727273
conciliated,2,4,9,-1,11,6.541363636
conciliates,2,4,10,-1,11,6.729909091
sympathetic,2,6,9,-1,11,6.132636364
competitive,2,6,10,-1,11,6.640909091
enlightened,2,6,9,-1,11,7.637545455
thoughtless,-2,6,9,-1,11,6.541909091
overreacted,-2,1,8,-9,11,7.529363636
heartbroken,-3,4,7,-3,11,7.019545455
persecuting,-2,5,9,-3,11,6.361181818
masterpiece,4,3,8,-5,11,7.429636364
overselling,-2,3,9,-1,11,6.362090909
pessimistic,-2,5,9,-1,11,6.250363636
perpetrator,-2,5,9,-5,11,7.364454545
uselessness,-2,5,8,-5,11,7.570272727
meaningless,-2,5,9,-1,11,6.830454545
obliterated,-2,3,9,-5,11,7.446636364
haplessness,-2,5,8,-3,11,7.061454545
ineffective,-2,3,8,-5,11,6.914454545
interesting,2,3,10,-3,11,7.752272727
undeserving,-2,3,7,-3,11,6.198727273
outstanding,5,5,10,-1,11,6.327545455
interrupted,-2,3,8,-3,11,7.104090909
undesirable,-2,5,8,-3,11,6.557090909
unsatisfied,-2,5,8,-3,11,6.590818182
misbehaving,-2,5,10,-1,11,5.532909091
untarnished,2,5,8,-1,11,6.891636364
picturesque,2,5,10,-3,11,5.823818182
insensitive,-2,7,10,-1,11,7.498909091
indifferent,-2,5,9,-3,11,6.962363636
unconcerned,-2,5,7,-1,11,6.52
intimidated,-2,3,9,-1,11,7.049090909
intimidates,-2,3,10,-1,11,7.237636364
unmotivated,-2,3,7,-1,11,6.418
unimpressed,-2,1,7,-1,11,6.282363636
beautifully,3,5,9,1,11,5.104636364
acrimonious,-3,2,10,3,11,5.829272727
exploration,1,3,9,1,11,6.431363636
stimulating,2,4,9,1,11,5.862818182
questioning,-1,4,10,1,11,6.171818182
dysfunction,-2,5,9,1,11,5.213545455
disruptions,-2,6,10,1,11,5.893181818
victimizing,-3,6,10,1,11,4.720363636
disappoints,-2,4,9,1,11,6.016
disinclined,-2,6,9,1,11,6.248909091
contentious,-2,6,10,1,11,7.105363636
apocalyptic,-2,6,10,1,11,5.025818182
conflicting,-2,6,10,1,11,5.256818182
apologising,-1,6,8,3,11,5.470272727
apologizing,-1,6,8,3,11,4.901818182
gullibility,-2,5,9,5,11,4.569818182
willingness,2,4,8,1,11,5.928272727
prosecution,-1,6,9,1,11,6.388181818
manipulated,-1,3,9,1,11,6.107090909
infatuation,2,4,10,1,11,6.760818182
undermining,-2,3,8,3,11,5.845454545
justifiably,2,6,9,1,11,4.555636364
unbelieving,-1,5,9,1,11,5.827454545
intelligent,2,5,9,1,11,7.364636364
unstoppable,2,5,8,1,11,5.694636364
infuriating,-2,7,10,1,11,5.873363636
indignation,-2,6,10,3,11,6.558454545
inspiration,2,4,10,3,11,6.669909091
inquisitive,2,7,10,1,11,6.048090909
misinformed,-2,7,9,1,11,5.863363636
unconfirmed,-1,7,8,1,11,5.553363636
influential,2,8,10,3,11,6.399181818
inquisition,-2,6,10,5,11,6.100454545
unconvinced,-1,5,7,1,11,5.543181818
unfulfilled,-2,5,7,3,11,4.792454545
incompetent,-2,5,10,1,11,7.145818182
unsupported,-2,3,6,1,11,5.632272727
improvement,2,7,10,1,11,6.308
opportunity,2,4,7,5,11,5.583454545
immobilized,-1,3,8,3,11,5.069363636
hooliganism,-2,4,8,5,11,5.884454545
humiliation,-3,2,8,7,11,6.150909091
monopolized,-2,1,8,5,11,5.602272727
monopolizes,-2,1,9,5,11,5.790818182
exaggerating,-2,2,10,-8,12,6.390916667
catastrophic,-4,2,10,-4,12,6.235
affectionate,3,2,9,-6,12,7.359166667
breathtaking,5,4,9,-4,12,6.43525
greenwashers,-3,4,9,-8,12,7.34325
greenwashing,-3,4,9,-4,12,6.569416667
strengthened,2,6,8,-6,12,7.866
breakthrough,3,7,10,-2,12,5.71925
accidentally,-2,5,8,-2,12,5.970666667
brainwashing,-3,4,10,-2,12,5.669916667
fainthearted,-2,4,9,-6,12,7.67725
exhilarating,3,4,11,-2,12,6.420333333
disregarding,-2,4,11,-6,12,6.03225
embarrassing,-2,4,9,-6,12,6.107666667
disadvantage,-2,4,11,-8,12,6.483333333
entertaining,2,4,10,-2,12,7.822
disrespected,-2,4,9,-8,12,7.1655
dissatisfied,-2,6,9,-6,12,6.7115
enterprising,1,8,11,-2,12,7.01125
foreclosures,-2,6,9,-4,12,6.40325
antagonistic,-2,6,11,-2,12,6.708916667
questionable,-2,6,11,-2,12,6.5455
disqualified,-2,8,10,-2,12,5.4755
totalitarian,-2,7,11,-2,12,7.489083333
discontented,-2,6,10,-4,12,7.425166667
disconsolate,-2,6,10,-2,12,6.864
disheartened,-2,6,9,-6,12,7.9965
disorganized,-2,6,9,-4,12,5.997166667
enthusiastic,3,8,10,-2,12,6.995833333
significance,1,8,10,-2,12,5.949916667
congratulate,2,4,10,-4,12,6.580916667
appreciating,2,6,9,-2,12,6.117916667
apprehensive,-2,8,10,-2,12,6.936
overreaction,-2,2,10,-4,12,7.2575
irreversible,-1,5,10,-6,12,6.90175
masterpieces,4,3,9,-6,12,7.33775
irresistible,2,7,10,-4,12,7.12525
heavyhearted,-2,3,8,-6,12,7.406333333
perpetrators,-2,5,10,-6,12,7.278
unresearched,-2,3,9,-6,12,7.2675
interrogated,-2,3,9,-6,12,7.595583333
unacceptable,-2,5,8,-4,12,6.10925
unbelievable,-1,5,10,-2,12,6.229833333
indifference,-2,5,9,-4,12,6.917833333
motherfucker,-5,7,10,-2,12,5.915083333
indoctrinate,-2,5,10,-2,12,7.245
lighthearted,1,5,9,-4,12,7.25975
hopelessness,-2,5,9,-2,12,7.4765
astoundingly,3,5,10,2,12,5.5455
accomplished,2,4,9,0,12,5.495
accomplishes,2,4,10,0,12,5.667833333
explorations,1,4,10,0,12,6.422666667
disappointed,-2,4,9,0,12,6.400333333
anticipation,1,7,11,2,12,6.755
appreciation,2,5,9,0,12,6.575583333
singleminded,-2,6,9,0,12,6.34275
interrupting,-2,5,10,0,12,6.41
misreporting,-2,5,10,0,12,6.216416667
infringement,-2,7,10,0,12,6.772916667
invulnerable,2,5,11,0,12,6.108333333
incompetence,-2,5,10,0,12,7.086
dehumanizing,-2,6,8,2,12,5.491583333
condemnation,-2,5,9,2,12,6.799416667
contemptuous,-2,6,11,2,12,5.961416667
conciliating,2,6,11,2,12,5.894166667
enlightening,2,6,11,2,12,6.899
oversimplify,-2,4,11,2,12,4.999583333
manipulating,-1,5,11,4,12,5.496083333
manipulation,-1,4,11,6,12,5.95375
interruption,-2,4,10,2,12,6.867666667
inconvenient,-2,7,11,2,12,7.22125
intimidating,-2,5,11,2,12,6.359583333
intimidation,-2,4,11,4,12,6.81725
unemployment,-2,5,8,6,12,5.913583333
hypocritical,-2,6,10,2,12,5.352916667
monopolizing,-2,3,10,8,12,5.033333333
assassination,-3,3,10,-3,13,7.215538462
strengthening,2,6,10,-3,13,7.166692308
gratification,2,5,11,-3,13,6.354769231
demonstration,-1,3,10,-1,13,7.187076923
embarrassment,-2,6,10,-7,13,6.805769231
disadvantaged,-2,4,11,-9,13,6.311769231
substantially,1,7,11,-1,13,5.776076923
sleeplessness,-2,6,9,-5,13,7.628538462
controversial,-2,7,11,-3,13,6.518461538
compassionate,2,4,11,-1,13,6.660923077
comprehensive,2,8,12,-1,13,6.602384615
sophisticated,2,4,11,-3,13,6.779384615
overstatement,-2,5,12,-7,13,7.953461538
heartbreaking,-3,3,8,-5,13,6.681230769
irresponsible,2,7,11,-1,13,6.589692308
lackadaisical,-2,8,12,-3,13,5.505076923
pseudoscience,-3,9,11,-3,13,6.652769231
ineffectively,-2,4,10,-3,13,6.312153846
underestimate,-1,3,10,-5,13,7.679307692
incapacitated,-2,5,11,-5,13,6.749384615
indoctrinated,-2,5,10,-3,13,7.014846154
indoctrinates,-2,5,11,-3,13,7.174384615
outmaneuvered,-2,7,11,-3,13,6.825
misunderstand,-2,5,10,-3,13,6.361538462
misunderstood,-2,5,9,-1,13,6.369076923
unappreciated,-2,5,8,-3,13,6.472846154
inconsiderate,-2,5,11,-3,13,7.454846154
uncomfortable,-2,7,10,-1,13,5.643538462
disappointing,-2,6,11,3,13,5.813769231
encouragement,2,8,12,-3,13,7.098615385
disillusioned,-2,6,10,3,13,6.140307692
vulnerability,-2,5,12,1,13,5.526538462
insensitivity,-2,10,12,1,13,6.752461538
motherfucking,-5,7,10,1,13,5.232461538
insignificant,-2,9,12,1,13,6.052769231
inspirational,2,6,12,3,13,6.581615385
inconvenience,-2,7,11,1,13,7.160230769
unintelligent,-2,5,10,3,13,6.962923077
opportunities,2,5,9,3,13,6.572230769
misinformation,-2,8,13,4,14,6.141928571
unprofessional,-2,6,11,2,14,6.137714286
assassinations,-3,4,11,-4,14,7.152071429
overstatements,-2,5,13,-8,14,7.837285714
underestimated,-1,3,10,-6,14,7.434571429
underestimates,-1,3,11,-6,14,7.582714286
indestructible,2,7,11,-4,14,6.558642857
misunderstands,-2,5,11,-4,14,6.359071429
misinterpreted,-2,5,12,-4,14,7.413428571
congratulation,2,5,12,0,14,6.249357143
oversimplified,-2,5,12,0,14,5.853
oversimplifies,-2,5,13,0,14,6.001142857
indoctrinating,-2,7,12,0,14,6.426285714
disconsolation,-2,7,12,2,14,6.492
disappointment,-2,8,12,2,14,6.483
contemptuously,-2,7,13,4,14,5.538285714
disappointments,-2,8,13,1,15,6.4726
totalitarianism,-2,9,14,-1,15,7.037866667
congratulations,2,6,13,-1,15,6.254533333
controversially,-2,7,12,-1,15,6.049266667
underestimating,-1,5,12,-3,15,6.857266667
unsophisticated,-2,5,12,-1,15,6.509266667
misunderstanding,-2,7,13,-2,16,6.151875
misrepresentation,-2,6,16,-3,17,7.546176471
oversimplification,-2,6,17,2,18,5.900777778